functionality,owner,capability,design_file,scenario_steps,claim
AcceptPlanningResult,PlanningCoordinator,CurrentBuckingAdvice,Containers/BuckingService/Planning.design,PlanCurrentStemAccept;ComputeArchiveAccept,design path only; no execution
ActivateAptDefinition,AptDomain,ValidatedAptDefinitions,Containers/BuckingService/AptDomain.design,ActivateAptActivate,design path only; no execution
AdaptBrowserState,BuckingWeb,FederatedBrowserAccess,Containers/BuckingWeb/Adaptation.design,InspectMachineAdapt,design path only; no execution
AdvanceP1000Protocol,MachineService,AuthoritativeMachineState,Containers/MachineService/Domain.design,RecoverTargetRebuild,design path only; no execution
AdvanceSimulatedPhysics,P1000Simulator,DeterministicTargetSimulation,Containers/P1000Simulator/Domain.design,,responsibility specified; no direct scenario call
AppendLabRecord,LabKit,RecordedDiagnosticReplay,Shared/Libraries/LabKit.design,ReplayDiagnosticsRecord,design path only; no execution
BufferTargetHistory,P1000Gateway,BoundedPhysicalTransport,Containers/P1000Gateway/Domain.design,RecoverTargetAdvertise,design path only; no execution
BuildPresentationSchema,PresentationManager,ReplaceablePresentation,Shared/Libraries/BoxUI/Presentation.design,ImportAptSchema;ReplacePresentationPrepare,design path only; no execution
CalibrateMeasurement,MachineService,AuthoritativeMachineState,Containers/MachineService/Domain.design,InspectMachineCalibrate,design path only; no execution
CheckCrossLanguageFixtures,ContractRegistry,ContractCompatibility,Shared/Libraries/Contracts.design,,responsibility specified; no direct scenario call
ClassifyUiRouting,UiCommandCoordinator,CorrelatedUiCommands,Shared/Libraries/UIRuntime/CommandsDiagnostics.design,UiDiagnosticRoutingClassify,design path only; no execution
CloseUiSession,UiTransportSession,CoherentUiBaseline,Shared/Libraries/UIRuntime/Transport.design,ShutdownRunOperatorSession;ShutdownRunSimulatorSession,design path only; no execution
CoalescePresentationPatch,DeliveryScheduler,BoundedUiDelivery,Shared/Libraries/UIRuntime/Delivery.design,,responsibility specified; no direct scenario call
CommitUiBaseline,UiTransportSession,CoherentUiBaseline,Shared/Libraries/UIRuntime/Transport.design,RecoverUiBaselineCommit,design path only; no execution
ComputeBestArchive,BuckingCore,RankedLegalBucking,Shared/Libraries/BuckingCore.design,ComputeArchiveCompute,design path only; no execution
ComputeOneBest,BuckingCore,RankedLegalBucking,Shared/Libraries/BuckingCore.design,PlanCurrentStemCompute,design path only; no execution
ConsumeTargetRecord,MachineService,AuthoritativeMachineState,Containers/MachineService/Domain.design,InspectMachineReceive;RecoverTargetChoose,design path only; no execution
CorrelateStemSamples,StemProfile,CoherentStemProfile,Containers/BuckingService/StemProfile.design,PlanCurrentStemCorrelate,design path only; no execution
CreateCompositionScope,CompositionManager,StableUiContext,Shared/Libraries/UIRuntime/Composition.design,ShareUiValueCreate,design path only; no execution
DecodeClassicApt,StanfordClassic,ClassicAptCompatibility,Shared/Libraries/StanfordClassic.design,ImportAptDecode,design path only; no execution
DecodeP1000Frames,MachineService,AuthoritativeMachineState,Containers/MachineService/Domain.design,InspectMachineDecode;SimulatorWireActionDecode,design path only; no execution
DeliverDurableOutcome,DeliveryScheduler,BoundedUiDelivery,Shared/Libraries/UIRuntime/Delivery.design,GlobalStopFlowResult,design path only; no execution
DisplaySimulatorStatus,SimulatorUiDomain,SimulatorInteraction,Containers/SimulatorUI/Domain.design,,responsibility specified; no direct scenario call
DisposeCompositionScope,CompositionManager,StableUiContext,Shared/Libraries/UIRuntime/Composition.design,ShutdownRunOperatorScope;ShutdownRunSimulatorScope,design path only; no execution
EditAptDraft,AptDomain,ValidatedAptDefinitions,Containers/BuckingService/AptDomain.design,EditAptCellValidate,design path only; no execution
EmitBoundUserIntent,RendererAdapter,MaterializedPresentation,Shared/Libraries/BoxUI/Renderer.design,EditAptCellIntent,design path only; no execution
EmitSimulatedWire,P1000Simulator,DeterministicTargetSimulation,Containers/P1000Simulator/Domain.design,SimulatorWireActionEmit,design path only; no execution
EncodeClassicApt,StanfordClassic,ClassicAptCompatibility,Shared/Libraries/StanfordClassic.design,StoreAptEncode,design path only; no execution
EnumerateLegalLogs,BuckingCore,RankedLegalBucking,Shared/Libraries/BuckingCore.design,,responsibility specified; no direct scenario call
ExportAptDefinition,AptDomain,ValidatedAptDefinitions,Containers/BuckingService/AptDomain.design,StoreAptExport,design path only; no execution
FederateCommandCatalog,BuckingWeb,FederatedBrowserAccess,Containers/BuckingWeb/Adaptation.design,,responsibility specified; no direct scenario call
FitMixedKozak,TaperModels,TaperPrediction,Shared/Libraries/TaperModels.design,,responsibility specified; no direct scenario call
FitProfileModel,StemProfile,CoherentStemProfile,Containers/BuckingService/StemProfile.design,PlanCurrentStemFit,design path only; no execution
FitTaperNor,TaperModels,TaperPrediction,Shared/Libraries/TaperModels.design,,responsibility specified; no direct scenario call
FormatLabConsole,LabKit,RecordedDiagnosticReplay,Shared/Libraries/LabKit.design,,responsibility specified; no direct scenario call
FormatPresentationValue,PresentationManager,ReplaceablePresentation,Shared/Libraries/BoxUI/Presentation.design,ShareUiValueFormat,design path only; no execution
FrameServiceMessages,ServiceKit,ReliableServiceExchange,Shared/Libraries/ServiceKit.design,,responsibility specified; no direct scenario call
FreezePlanningInput,PlanningCoordinator,CurrentBuckingAdvice,Containers/BuckingService/Planning.design,PlanCurrentStemFreeze,design path only; no execution
GatePhysicalWrite,P1000Gateway,BoundedPhysicalTransport,Containers/P1000Gateway/Domain.design,,responsibility specified; no direct scenario call
GenerateContractBindings,ContractRegistry,ContractCompatibility,Shared/Libraries/Contracts.design,,responsibility specified; no direct scenario call
GovernContractEvolution,ContractRegistry,ContractCompatibility,Shared/Libraries/Contracts.design,,responsibility specified; no direct scenario call
HandleBuckingStop,BuckingCommandCoordinator,BuckingStopCoordination,Containers/BuckingService/EconomicsProduction.design,GlobalStopFlowBucking,design path only; no execution
HandleMachineStop,MachineService,AuthoritativeMachineState,Containers/MachineService/Domain.design,GlobalStopFlowMachine,design path only; no execution
HandleSimulatorControl,P1000Simulator,DeterministicTargetSimulation,Containers/P1000Simulator/Domain.design,SimulatorWireActionAccept,design path only; no execution
ImportAptDefinition,AptDomain,ValidatedAptDefinitions,Containers/BuckingService/AptDomain.design,ImportAptAccept,design path only; no execution
InjectSemanticOperatorInput,MachineService,AuthoritativeMachineState,Containers/MachineService/Domain.design,SemanticOperatorActionInject,design path only; no execution
KeepMachineViewAvailable,OperatorUiDomain,OperatorInteraction,Containers/BuckingUI/Domain.design,DegradedOperationDisplay,design path only; no execution
MaintainAbsoluteProfile,StemProfile,CoherentStemProfile,Containers/BuckingService/StemProfile.design,,responsibility specified; no direct scenario call
MaintainDualUpstreams,BuckingWeb,FederatedBrowserAccess,Containers/BuckingWeb/Adaptation.design,DegradedOperationDetect,design path only; no execution
MaintainRepresentationIdentity,RepresentationRuntime,ObservableSemanticState,Shared/Libraries/UIRuntime/Representation.design,,responsibility specified; no direct scenario call
ManageLabCheckpoint,LabKit,RecordedDiagnosticReplay,Shared/Libraries/LabKit.design,ReplayDiagnosticsSelect,design path only; no execution
ManageServiceSubscription,ServiceKit,ReliableServiceExchange,Shared/Libraries/ServiceKit.design,,responsibility specified; no direct scenario call
NegotiateServiceSession,ServiceKit,ReliableServiceExchange,Shared/Libraries/ServiceKit.design,,responsibility specified; no direct scenario call
ObserveBuckingHistory,BuckingLab,BuckingDiagnostics,Containers/BuckingLab/Diagnostics.design,CommitProductionObserve,design path only; no execution
ObserveMachineHistory,MachineLab,MachineDiagnostics,Containers/MachineLab/Diagnostics.design,,responsibility specified; no direct scenario call
ObserveRenderedRevision,RendererAdapter,MaterializedPresentation,Shared/Libraries/BoxUI/Renderer.design,ReplacePresentationObserve,design path only; no execution
ObserveSerialBytes,P1000Gateway,BoundedPhysicalTransport,Containers/P1000Gateway/Domain.design,,responsibility specified; no direct scenario call
PatchRepresentationCollection,RepresentationRuntime,ObservableSemanticState,Shared/Libraries/UIRuntime/Representation.design,EditAptCellPatch,design path only; no execution
PersistLabLedger,LabKit,RecordedDiagnosticReplay,Shared/Libraries/LabKit.design,ShutdownRunMachineLedger;ShutdownRunBuckingLedger,design path only; no execution
PreservePresentationContinuity,PresentationManager,ReplaceablePresentation,Shared/Libraries/BoxUI/Presentation.design,,responsibility specified; no direct scenario call
PreserveValueQuality,RepresentationRuntime,ObservableSemanticState,Shared/Libraries/UIRuntime/Representation.design,,responsibility specified; no direct scenario call
ProjectAptAvailability,OperatorUiDomain,OperatorInteraction,Containers/BuckingUI/Domain.design,ImportAptProject;EditAptCellProject,design path only; no execution
ProjectOperatorDomain,OperatorUiDomain,OperatorInteraction,Containers/BuckingUI/Domain.design,InspectMachineProject,design path only; no execution
ProjectRepresentationValue,RepresentationRuntime,ObservableSemanticState,Shared/Libraries/UIRuntime/Representation.design,,responsibility specified; no direct scenario call
ProjectSimulatorDomain,SimulatorUiDomain,SimulatorInteraction,Containers/SimulatorUI/Domain.design,,responsibility specified; no direct scenario call
ProjectWorkingProfile,TaperModels,TaperPrediction,Shared/Libraries/TaperModels.design,,responsibility specified; no direct scenario call
PublishAccessCatalog,ServiceKit,ReliableServiceExchange,Shared/Libraries/ServiceKit.design,,responsibility specified; no direct scenario call
PublishBuckingState,PlanningCoordinator,CurrentBuckingAdvice,Containers/BuckingService/Planning.design,PlanCurrentStemPublish;ComputeArchivePublish;ActivateAptPublish;CommitProductionPublish,design path only; no execution
PublishMachineBaseline,MachineService,AuthoritativeMachineState,Containers/MachineService/Domain.design,InspectMachinePublish,design path only; no execution
PublishPresentationRevision,PresentationManager,ReplaceablePresentation,Shared/Libraries/BoxUI/Presentation.design,ReplacePresentationPublish,design path only; no execution
ReconcileUiCommandResult,UiCommandCoordinator,CorrelatedUiCommands,Shared/Libraries/UIRuntime/CommandsDiagnostics.design,EditAptCellResult;RecoverCommandObserve,design path only; no execution
ReconcileViewNodes,RendererAdapter,MaterializedPresentation,Shared/Libraries/BoxUI/Renderer.design,ReplacePresentationReconcile;UiDiagnosticRoutingDisplay;ShareUiValueRender,design path only; no execution
RecordProductionFact,ProductionAuthority,DurableProduction,Containers/BuckingService/EconomicsProduction.design,CommitProductionCommit,design path only; no execution
RecoverCommandLifecycle,ServiceKit,ReliableServiceExchange,Shared/Libraries/ServiceKit.design,RecoverCommandServer,design path only; no execution
RecoverTargetHistory,P1000Gateway,BoundedPhysicalTransport,Containers/P1000Gateway/Domain.design,RecoverTargetDeliver,design path only; no execution
RecoverUiCommand,UiCommandCoordinator,CorrelatedUiCommands,Shared/Libraries/UIRuntime/CommandsDiagnostics.design,RecoverCommandLookup,design path only; no execution
RecoverUiSession,UiTransportSession,CoherentUiBaseline,Shared/Libraries/UIRuntime/Transport.design,RecoverUiBaselineResume,design path only; no execution
ReduceMachineState,MachineService,AuthoritativeMachineState,Containers/MachineService/Domain.design,InspectMachineReduce;SimulatorWireActionReduce;SemanticOperatorActionReduce,design path only; no execution
RenderSharedShell,RendererAdapter,MaterializedPresentation,Shared/Libraries/BoxUI/Renderer.design,,responsibility specified; no direct scenario call
ReplayConfiguredRange,LabKit,RecordedDiagnosticReplay,Shared/Libraries/LabKit.design,ReplayDiagnosticsReplay,design path only; no execution
ReportDiagnosticLoss,DeliveryScheduler,BoundedUiDelivery,Shared/Libraries/UIRuntime/Delivery.design,UiDiagnosticRoutingBound,design path only; no execution
ReportGatewayHealth,P1000Gateway,BoundedPhysicalTransport,Containers/P1000Gateway/Domain.design,,responsibility specified; no direct scenario call
ResetSimulatedTruth,P1000Simulator,DeterministicTargetSimulation,Containers/P1000Simulator/Domain.design,,responsibility specified; no direct scenario call
ResyncRenderer,UiTransportSession,CoherentUiBaseline,Shared/Libraries/UIRuntime/Transport.design,RecoverUiBaselineRenderer,design path only; no execution
RetainDegradedBrowserState,BuckingWeb,FederatedBrowserAccess,Containers/BuckingWeb/Adaptation.design,DegradedOperationMark,design path only; no execution
RouteAptAdminCommand,BuckingLab,BuckingDiagnostics,Containers/BuckingLab/Diagnostics.design,StoreAptRoute,design path only; no execution
RouteBrowserCommand,BuckingWeb,FederatedBrowserAccess,Containers/BuckingWeb/Adaptation.design,ImportAptRoute;EditAptCellRoute;SemanticOperatorActionRoute;GlobalStopSendMachine;GlobalStopSendBucking,design path only; no execution
RouteMachineToolCommand,MachineLab,MachineDiagnostics,Containers/MachineLab/Diagnostics.design,,responsibility specified; no direct scenario call
RouteOperatorIntent,OperatorUiDomain,OperatorInteraction,Containers/BuckingUI/Domain.design,,responsibility specified; no direct scenario call
RouteSimulatorIntent,SimulatorUiDomain,SimulatorInteraction,Containers/SimulatorUI/Domain.design,SimulatorWireActionIntent,design path only; no execution
ScheduleOneBest,PlanningCoordinator,CurrentBuckingAdvice,Containers/BuckingService/Planning.design,,responsibility specified; no direct scenario call
ScheduleQuietArchive,PlanningCoordinator,CurrentBuckingAdvice,Containers/BuckingService/Planning.design,ComputeArchiveSchedule,design path only; no execution
ScheduleSubscriberDelivery,ServiceKit,ReliableServiceExchange,Shared/Libraries/ServiceKit.design,,responsibility specified; no direct scenario call
ScheduleUiDelivery,DeliveryScheduler,BoundedUiDelivery,Shared/Libraries/UIRuntime/Delivery.design,,responsibility specified; no direct scenario call
SelectEconomicPolicy,EconomicPolicy,EconomicDecisionContext,Containers/BuckingService/EconomicsProduction.design,ActivateAptContext,design path only; no execution
ServeBuckingLabRequests,BuckingLab,BuckingDiagnostics,Containers/BuckingLab/Diagnostics.design,,responsibility specified; no direct scenario call
ServeMachineLabRequests,MachineLab,MachineDiagnostics,Containers/MachineLab/Diagnostics.design,ReplayDiagnosticsRead,design path only; no execution
ServeSimulatedTarget,P1000Simulator,DeterministicTargetSimulation,Containers/P1000Simulator/Domain.design,,responsibility specified; no direct scenario call
ShareRepresentationReferences,CompositionManager,StableUiContext,Shared/Libraries/UIRuntime/Composition.design,ShareUiValueShare,design path only; no execution
ShutdownServiceRuntime,ServiceKit,ReliableServiceExchange,Shared/Libraries/ServiceKit.design,ShutdownRunBucking;ShutdownRunBuckingWeb;ShutdownRunMachine;ShutdownRunMachineLab;ShutdownRunBuckingLab;ShutdownRunSimulator;ShutdownRunGateway,design path only; no execution
StageRepresentationSnapshot,RepresentationRuntime,ObservableSemanticState,Shared/Libraries/UIRuntime/Representation.design,RecoverUiBaselineStage,design path only; no execution
StopLabAutomation,MachineLab,MachineDiagnostics,Containers/MachineLab/Diagnostics.design,GlobalStopFlowLab,design path only; no execution
StoreAptDraft,AptDomain,ValidatedAptDefinitions,Containers/BuckingService/AptDomain.design,StoreAptCommit,design path only; no execution
SubmitUiCommand,UiCommandCoordinator,CorrelatedUiCommands,Shared/Libraries/UIRuntime/CommandsDiagnostics.design,ImportAptIntent;EditAptCellCorrelate,design path only; no execution
TransferLabArtifact,LabKit,RecordedDiagnosticReplay,Shared/Libraries/LabKit.design,StoreAptWrite,design path only; no execution
TransformClassicApt,StanfordClassic,ClassicAptCompatibility,Shared/Libraries/StanfordClassic.design,,responsibility specified; no direct scenario call
ValidateCutContext,ProductionAuthority,DurableProduction,Containers/BuckingService/EconomicsProduction.design,CommitProductionCapture,design path only; no execution
ValidateMachineCommand,MachineService,AuthoritativeMachineState,Containers/MachineService/Domain.design,SemanticOperatorActionValidate,design path only; no execution
ValidatePresentationBindings,PresentationManager,ReplaceablePresentation,Shared/Libraries/BoxUI/Presentation.design,ReplacePresentationValidate,design path only; no execution
