requirement_id,model_id,disposition,design_targets,source,claim
"MVP1-SYS-REQ-001","SystemRequirement001","inherited","MVP1","https://github.com/Hans-Einar/ponsse/blob/7589a5811a21ec6bb13979612060ceff0f690df8/MVP1/SDP/03--Requirements/requirements.md","design obligation mapped; no implementation verification"
"MVP1-SYS-REQ-002","SystemRequirement002","inherited","DomainTruthOwned","https://github.com/Hans-Einar/ponsse/blob/7589a5811a21ec6bb13979612060ceff0f690df8/MVP1/SDP/03--Requirements/requirements.md","design obligation mapped; no implementation verification"
"MVP1-SYS-REQ-003","SystemRequirement003","inherited","TargetContract","https://github.com/Hans-Einar/ponsse/blob/7589a5811a21ec6bb13979612060ceff0f690df8/MVP1/SDP/03--Requirements/requirements.md","design obligation mapped; no implementation verification"
"MVP1-SYS-REQ-004","SystemRequirement004","inherited","MaintainDualUpstreams","https://github.com/Hans-Einar/ponsse/blob/7589a5811a21ec6bb13979612060ceff0f690df8/MVP1/SDP/03--Requirements/requirements.md","design obligation mapped; no implementation verification"
"MVP1-SYS-REQ-005","SystemRequirement005","inherited","MachineLab;BuckingLab","https://github.com/Hans-Einar/ponsse/blob/7589a5811a21ec6bb13979612060ceff0f690df8/MVP1/SDP/03--Requirements/requirements.md","design obligation mapped; no implementation verification"
"MVP1-SYS-REQ-006","SystemRequirement006","inherited","CommonServiceContract","https://github.com/Hans-Einar/ponsse/blob/7589a5811a21ec6bb13979612060ceff0f690df8/MVP1/SDP/03--Requirements/requirements.md","design obligation mapped; no implementation verification"
"MVP1-SYS-REQ-007","SystemRequirement007","inherited","ContractRegistry","https://github.com/Hans-Einar/ponsse/blob/7589a5811a21ec6bb13979612060ceff0f690df8/MVP1/SDP/03--Requirements/requirements.md","design obligation mapped; no implementation verification"
"MVP1-SYS-REQ-008","SystemRequirement008","inherited","FrameServiceMessages","https://github.com/Hans-Einar/ponsse/blob/7589a5811a21ec6bb13979612060ceff0f690df8/MVP1/SDP/03--Requirements/requirements.md","design obligation mapped; no implementation verification"
"MVP1-SYS-REQ-009","SystemRequirement009","inherited","OperatorBrowserContract","https://github.com/Hans-Einar/ponsse/blob/7589a5811a21ec6bb13979612060ceff0f690df8/MVP1/SDP/03--Requirements/requirements.md","design obligation mapped; no implementation verification"
"MVP1-SYS-REQ-010","SystemRequirement010","inherited","FormatLabConsole","https://github.com/Hans-Einar/ponsse/blob/7589a5811a21ec6bb13979612060ceff0f690df8/MVP1/SDP/03--Requirements/requirements.md","design obligation mapped; no implementation verification"
"MVP1-SYS-REQ-011","SystemRequirement011","inherited","GovernContractEvolution","https://github.com/Hans-Einar/ponsse/blob/7589a5811a21ec6bb13979612060ceff0f690df8/MVP1/SDP/03--Requirements/requirements.md","design obligation mapped; no implementation verification"
"MVP1-SYS-REQ-012","SystemRequirement012","inherited","DistinctSequenceDomains","https://github.com/Hans-Einar/ponsse/blob/7589a5811a21ec6bb13979612060ceff0f690df8/MVP1/SDP/03--Requirements/requirements.md","design obligation mapped; no implementation verification"
"MVP1-SYS-REQ-013","SystemRequirement013","inherited","ScheduleSubscriberDelivery","https://github.com/Hans-Einar/ponsse/blob/7589a5811a21ec6bb13979612060ceff0f690df8/MVP1/SDP/03--Requirements/requirements.md","design obligation mapped; no implementation verification"
"MVP1-SYS-REQ-014","SystemRequirement014","inherited","StableCommandIdentity","https://github.com/Hans-Einar/ponsse/blob/7589a5811a21ec6bb13979612060ceff0f690df8/MVP1/SDP/03--Requirements/requirements.md","design obligation mapped; no implementation verification"
"MVP1-SYS-REQ-015","SystemRequirement015","inherited","ConsumeTargetRecord","https://github.com/Hans-Einar/ponsse/blob/7589a5811a21ec6bb13979612060ceff0f690df8/MVP1/SDP/03--Requirements/requirements.md","design obligation mapped; no implementation verification"
"MVP1-SYS-REQ-016","SystemRequirement016","inherited","DecodeP1000Frames","https://github.com/Hans-Einar/ponsse/blob/7589a5811a21ec6bb13979612060ceff0f690df8/MVP1/SDP/03--Requirements/requirements.md","design obligation mapped; no implementation verification"
"MVP1-SYS-REQ-017","SystemRequirement017","inherited","MachineContract;BuckingContract","https://github.com/Hans-Einar/ponsse/blob/7589a5811a21ec6bb13979612060ceff0f690df8/MVP1/SDP/03--Requirements/requirements.md","design obligation mapped; no implementation verification"
"MVP1-SYS-REQ-018","SystemRequirement018","inherited","PublishAccessCatalog","https://github.com/Hans-Einar/ponsse/blob/7589a5811a21ec6bb13979612060ceff0f690df8/MVP1/SDP/03--Requirements/requirements.md","design obligation mapped; no implementation verification"
"MVP1-SYS-REQ-019","SystemRequirement019","inherited","ValidateMachineCommand","https://github.com/Hans-Einar/ponsse/blob/7589a5811a21ec6bb13979612060ceff0f690df8/MVP1/SDP/03--Requirements/requirements.md","design obligation mapped; no implementation verification"
"MVP1-SYS-REQ-020","SystemRequirement020","inherited","InjectSemanticOperatorInput","https://github.com/Hans-Einar/ponsse/blob/7589a5811a21ec6bb13979612060ceff0f690df8/MVP1/SDP/03--Requirements/requirements.md","design obligation mapped; no implementation verification"
"MVP1-SYS-REQ-021","SystemRequirement021","inherited","HandleSimulatorControl","https://github.com/Hans-Einar/ponsse/blob/7589a5811a21ec6bb13979612060ceff0f690df8/MVP1/SDP/03--Requirements/requirements.md","design obligation mapped; no implementation verification"
"MVP1-SYS-REQ-022","SystemRequirement022","inherited","BoundedSubscribers","https://github.com/Hans-Einar/ponsse/blob/7589a5811a21ec6bb13979612060ceff0f690df8/MVP1/SDP/03--Requirements/requirements.md","design obligation mapped; no implementation verification"
"MVP1-SYS-REQ-023","SystemRequirement023","inherited","ScheduleSubscriberDelivery","https://github.com/Hans-Einar/ponsse/blob/7589a5811a21ec6bb13979612060ceff0f690df8/MVP1/SDP/03--Requirements/requirements.md","design obligation mapped; no implementation verification"
"MVP1-SYS-REQ-024","SystemRequirement024","inherited","DurableFactsRetained","https://github.com/Hans-Einar/ponsse/blob/7589a5811a21ec6bb13979612060ceff0f690df8/MVP1/SDP/03--Requirements/requirements.md","design obligation mapped; no implementation verification"
"MVP1-SYS-REQ-025","SystemRequirement025","inherited","RecoverUiSession","https://github.com/Hans-Einar/ponsse/blob/7589a5811a21ec6bb13979612060ceff0f690df8/MVP1/SDP/03--Requirements/requirements.md","design obligation mapped; no implementation verification"
"MVP1-SYS-REQ-026","SystemRequirement026","inherited","ShutdownServiceRuntime","https://github.com/Hans-Einar/ponsse/blob/7589a5811a21ec6bb13979612060ceff0f690df8/MVP1/SDP/03--Requirements/requirements.md","design obligation mapped; no implementation verification"
"MVP1-SYS-REQ-027","SystemRequirement027","inherited","AdvanceP1000Protocol","https://github.com/Hans-Einar/ponsse/blob/7589a5811a21ec6bb13979612060ceff0f690df8/MVP1/SDP/03--Requirements/requirements.md","design obligation mapped; no implementation verification"
"MVP1-SYS-REQ-028","SystemRequirement028","inherited","P1000Gateway","https://github.com/Hans-Einar/ponsse/blob/7589a5811a21ec6bb13979612060ceff0f690df8/MVP1/SDP/03--Requirements/requirements.md","design obligation mapped; no implementation verification"
"MVP1-SYS-REQ-029","SystemRequirement029","inherited","DecodeP1000Frames","https://github.com/Hans-Einar/ponsse/blob/7589a5811a21ec6bb13979612060ceff0f690df8/MVP1/SDP/03--Requirements/requirements.md","design obligation mapped; no implementation verification"
"MVP1-SYS-REQ-030","SystemRequirement030","inherited","AdvanceP1000Protocol","https://github.com/Hans-Einar/ponsse/blob/7589a5811a21ec6bb13979612060ceff0f690df8/MVP1/SDP/03--Requirements/requirements.md","design obligation mapped; no implementation verification"
"MVP1-SYS-REQ-031","SystemRequirement031","inherited","CalibrateMeasurement","https://github.com/Hans-Einar/ponsse/blob/7589a5811a21ec6bb13979612060ceff0f690df8/MVP1/SDP/03--Requirements/requirements.md","design obligation mapped; no implementation verification"
"MVP1-SYS-REQ-032","SystemRequirement032","inherited","MaintainAbsoluteProfile","https://github.com/Hans-Einar/ponsse/blob/7589a5811a21ec6bb13979612060ceff0f690df8/MVP1/SDP/03--Requirements/requirements.md","design obligation mapped; no implementation verification"
"MVP1-SYS-REQ-033","SystemRequirement033","inherited","BufferTargetHistory","https://github.com/Hans-Einar/ponsse/blob/7589a5811a21ec6bb13979612060ceff0f690df8/MVP1/SDP/03--Requirements/requirements.md","design obligation mapped; no implementation verification"
"MVP1-SYS-REQ-034","SystemRequirement034","inherited","RecoverTargetHistory","https://github.com/Hans-Einar/ponsse/blob/7589a5811a21ec6bb13979612060ceff0f690df8/MVP1/SDP/03--Requirements/requirements.md","design obligation mapped; no implementation verification"
"MVP1-SYS-REQ-035","SystemRequirement035","inherited","TargetContract","https://github.com/Hans-Einar/ponsse/blob/7589a5811a21ec6bb13979612060ceff0f690df8/MVP1/SDP/03--Requirements/requirements.md","design obligation mapped; no implementation verification"
"MVP1-SYS-REQ-036","SystemRequirement036","inherited","GatePhysicalWrite","https://github.com/Hans-Einar/ponsse/blob/7589a5811a21ec6bb13979612060ceff0f690df8/MVP1/SDP/03--Requirements/requirements.md","design obligation mapped; no implementation verification"
"MVP1-SYS-REQ-037","SystemRequirement037","inherited","HiddenTruthIsolated","https://github.com/Hans-Einar/ponsse/blob/7589a5811a21ec6bb13979612060ceff0f690df8/MVP1/SDP/03--Requirements/requirements.md","design obligation mapped; no implementation verification"
"MVP1-SYS-REQ-038","SystemRequirement038","inherited","ResetSimulatedTruth","https://github.com/Hans-Einar/ponsse/blob/7589a5811a21ec6bb13979612060ceff0f690df8/MVP1/SDP/03--Requirements/requirements.md","design obligation mapped; no implementation verification"
"MVP1-SYS-REQ-039","SystemRequirement039","inherited","PreserveVisualIntent","https://github.com/Hans-Einar/ponsse/blob/7589a5811a21ec6bb13979612060ceff0f690df8/MVP1/SDP/03--Requirements/requirements.md","design obligation mapped; no implementation verification"
"MVP1-SYS-REQ-040","SystemRequirement040","inherited","PureLibraries","https://github.com/Hans-Einar/ponsse/blob/7589a5811a21ec6bb13979612060ceff0f690df8/MVP1/SDP/03--Requirements/requirements.md","design obligation mapped; no implementation verification"
"MVP1-SYS-REQ-041","SystemRequirement041","inherited","ComputeOneBest","https://github.com/Hans-Einar/ponsse/blob/7589a5811a21ec6bb13979612060ceff0f690df8/MVP1/SDP/03--Requirements/requirements.md","design obligation mapped; no implementation verification"
"MVP1-SYS-REQ-042","SystemRequirement042","inherited","AcceptPlanningResult","https://github.com/Hans-Einar/ponsse/blob/7589a5811a21ec6bb13979612060ceff0f690df8/MVP1/SDP/03--Requirements/requirements.md","design obligation mapped; no implementation verification"
"MVP1-SYS-REQ-043","SystemRequirement043","inherited","PlannerState","https://github.com/Hans-Einar/ponsse/blob/7589a5811a21ec6bb13979612060ceff0f690df8/MVP1/SDP/03--Requirements/requirements.md","design obligation mapped; no implementation verification"
"MVP1-SYS-REQ-044","SystemRequirement044","inherited","ValidateCutContext","https://github.com/Hans-Einar/ponsse/blob/7589a5811a21ec6bb13979612060ceff0f690df8/MVP1/SDP/03--Requirements/requirements.md","design obligation mapped; no implementation verification"
"MVP1-SYS-REQ-045","SystemRequirement045","inherited","DecodeClassicApt","https://github.com/Hans-Einar/ponsse/blob/7589a5811a21ec6bb13979612060ceff0f690df8/MVP1/SDP/03--Requirements/requirements.md","design obligation mapped; no implementation verification"
"MVP1-SYS-REQ-046","SystemRequirement046","inherited","OperatorUiDomain;SimulatorUiDomain","https://github.com/Hans-Einar/ponsse/blob/7589a5811a21ec6bb13979612060ceff0f690df8/MVP1/SDP/03--Requirements/requirements.md","design obligation mapped; no implementation verification"
"MVP1-SYS-REQ-047","SystemRequirement047","inherited","GenericUiMechanisms","https://github.com/Hans-Einar/ponsse/blob/7589a5811a21ec6bb13979612060ceff0f690df8/MVP1/SDP/03--Requirements/requirements.md","design obligation mapped; no implementation verification"
"MVP1-SYS-REQ-048","SystemRequirement048","inherited","RepresentationRuntime","https://github.com/Hans-Einar/ponsse/blob/7589a5811a21ec6bb13979612060ceff0f690df8/MVP1/SDP/03--Requirements/requirements.md","design obligation mapped; no implementation verification"
"MVP1-SYS-REQ-049","SystemRequirement049","inherited","RenderSharedShell","https://github.com/Hans-Einar/ponsse/blob/7589a5811a21ec6bb13979612060ceff0f690df8/MVP1/SDP/03--Requirements/requirements.md","design obligation mapped; no implementation verification"
"MVP1-SYS-REQ-050","SystemRequirement050","superseded","SelectedUiSeparation","https://github.com/Hans-Einar/ponsse/blob/7589a5811a21ec6bb13979612060ceff0f690df8/MVP1/SDP/03--Requirements/requirements.md","design obligation mapped; no implementation verification"
"MVP1-SYS-REQ-051","SystemRequirement051","inherited","ScheduleUiDelivery","https://github.com/Hans-Einar/ponsse/blob/7589a5811a21ec6bb13979612060ceff0f690df8/MVP1/SDP/03--Requirements/requirements.md","design obligation mapped; no implementation verification"
"MVP1-SYS-REQ-052","SystemRequirement052","inherited","ReconcileViewNodes","https://github.com/Hans-Einar/ponsse/blob/7589a5811a21ec6bb13979612060ceff0f690df8/MVP1/SDP/03--Requirements/requirements.md","design obligation mapped; no implementation verification"
"MVP1-SYS-REQ-053","SystemRequirement053","inherited","FormatPresentationValue","https://github.com/Hans-Einar/ponsse/blob/7589a5811a21ec6bb13979612060ceff0f690df8/MVP1/SDP/03--Requirements/requirements.md","design obligation mapped; no implementation verification"
"MVP1-SYS-REQ-054","SystemRequirement054","inherited","ObserveMachineHistory;ObserveBuckingHistory","https://github.com/Hans-Einar/ponsse/blob/7589a5811a21ec6bb13979612060ceff0f690df8/MVP1/SDP/03--Requirements/requirements.md","design obligation mapped; no implementation verification"
"MVP1-SYS-REQ-055","SystemRequirement055","inherited","DomainTruthOwned","https://github.com/Hans-Einar/ponsse/blob/7589a5811a21ec6bb13979612060ceff0f690df8/MVP1/SDP/03--Requirements/requirements.md","design obligation mapped; no implementation verification"
"MVP1-SYS-REQ-056","SystemRequirement056","inherited","ReplayConfiguredRange","https://github.com/Hans-Einar/ponsse/blob/7589a5811a21ec6bb13979612060ceff0f690df8/MVP1/SDP/03--Requirements/requirements.md","design obligation mapped; no implementation verification"
"MVP1-SYS-REQ-057","SystemRequirement057","inherited","NoPhysicalExecution","https://github.com/Hans-Einar/ponsse/blob/7589a5811a21ec6bb13979612060ceff0f690df8/MVP1/SDP/03--Requirements/requirements.md","design obligation mapped; no implementation verification"
"MVP1-SYS-REQ-058","SystemRequirement058","inherited","TransferLabArtifact","https://github.com/Hans-Einar/ponsse/blob/7589a5811a21ec6bb13979612060ceff0f690df8/MVP1/SDP/03--Requirements/requirements.md","design obligation mapped; no implementation verification"
"MVP1-SYS-REQ-059","SystemRequirement059","inherited","MVP1","https://github.com/Hans-Einar/ponsse/blob/7589a5811a21ec6bb13979612060ceff0f690df8/MVP1/SDP/03--Requirements/requirements.md","design obligation mapped; no implementation verification"
"MVP1-SYS-REQ-060","SystemRequirement060","inherited","GovernContractEvolution","https://github.com/Hans-Einar/ponsse/blob/7589a5811a21ec6bb13979612060ceff0f690df8/MVP1/SDP/03--Requirements/requirements.md","design obligation mapped; no implementation verification"
"MVP1-SYS-REQ-061","SystemRequirement061","inherited","MachineService;LabKit;ServiceKit;P1000Gateway","https://github.com/Hans-Einar/ponsse/blob/7589a5811a21ec6bb13979612060ceff0f690df8/MVP1/SDP/03--Requirements/requirements.md","design obligation mapped; no implementation verification"
"MVP1-SYS-REQ-062","SystemRequirement062","inherited","ContractRegistry","https://github.com/Hans-Einar/ponsse/blob/7589a5811a21ec6bb13979612060ceff0f690df8/MVP1/SDP/03--Requirements/requirements.md","design obligation mapped; no implementation verification"
"MVP1-SYS-REQ-063","SystemRequirement063","inherited","CheckCrossLanguageFixtures","https://github.com/Hans-Einar/ponsse/blob/7589a5811a21ec6bb13979612060ceff0f690df8/MVP1/SDP/03--Requirements/requirements.md","design obligation mapped; no implementation verification"
"MVP1-SYS-REQ-064","SystemRequirement064","inherited","MVP1","https://github.com/Hans-Einar/ponsse/blob/7589a5811a21ec6bb13979612060ceff0f690df8/MVP1/SDP/03--Requirements/requirements.md","design obligation mapped; no implementation verification"
"MVP1-SYS-REQ-065","SystemRequirement065","inherited","MVP1","https://github.com/Hans-Einar/ponsse/blob/7589a5811a21ec6bb13979612060ceff0f690df8/MVP1/SDP/03--Requirements/requirements.md","design obligation mapped; no implementation verification"
"MVP1-SYS-REQ-066","SystemRequirement066","inherited","ServerBoundAuthority","https://github.com/Hans-Einar/ponsse/blob/7589a5811a21ec6bb13979612060ceff0f690df8/MVP1/SDP/03--Requirements/requirements.md","design obligation mapped; no implementation verification"
"MVP1-SYS-REQ-067","SystemRequirement067","inherited","ValidateMachineCommand","https://github.com/Hans-Einar/ponsse/blob/7589a5811a21ec6bb13979612060ceff0f690df8/MVP1/SDP/03--Requirements/requirements.md","design obligation mapped; no implementation verification"
"MVP1-SYS-REQ-068","SystemRequirement068","inherited","MachineLab;BuckingLab","https://github.com/Hans-Einar/ponsse/blob/7589a5811a21ec6bb13979612060ceff0f690df8/MVP1/SDP/03--Requirements/requirements.md","design obligation mapped; no implementation verification"
"MVP1-SYS-REQ-069","SystemRequirement069","inherited","ReduceMachineState","https://github.com/Hans-Einar/ponsse/blob/7589a5811a21ec6bb13979612060ceff0f690df8/MVP1/SDP/03--Requirements/requirements.md","design obligation mapped; no implementation verification"
"MVP1-SYS-REQ-070","SystemRequirement070","inherited","RouteMachineToolCommand","https://github.com/Hans-Einar/ponsse/blob/7589a5811a21ec6bb13979612060ceff0f690df8/MVP1/SDP/03--Requirements/requirements.md","design obligation mapped; no implementation verification"
"MVP1-SYS-REQ-071","SystemRequirement071","inherited","ServeMachineLabRequests;ServeBuckingLabRequests","https://github.com/Hans-Einar/ponsse/blob/7589a5811a21ec6bb13979612060ceff0f690df8/MVP1/SDP/03--Requirements/requirements.md","design obligation mapped; no implementation verification"
"MVP1-SYS-REQ-072","SystemRequirement072","inherited","CommonServiceContract","https://github.com/Hans-Einar/ponsse/blob/7589a5811a21ec6bb13979612060ceff0f690df8/MVP1/SDP/03--Requirements/requirements.md","design obligation mapped; no implementation verification"
"MVP1-SYS-REQ-073","SystemRequirement073","inherited","CommonServiceContract","https://github.com/Hans-Einar/ponsse/blob/7589a5811a21ec6bb13979612060ceff0f690df8/MVP1/SDP/03--Requirements/requirements.md","design obligation mapped; no implementation verification"
"MVP1-SYS-REQ-074","SystemRequirement074","inherited","HandleMachineStop","https://github.com/Hans-Einar/ponsse/blob/7589a5811a21ec6bb13979612060ceff0f690df8/MVP1/SDP/03--Requirements/requirements.md","design obligation mapped; no implementation verification"
"MVP1-SYS-REQ-075","SystemRequirement075","inherited","HandleMachineStop","https://github.com/Hans-Einar/ponsse/blob/7589a5811a21ec6bb13979612060ceff0f690df8/MVP1/SDP/03--Requirements/requirements.md","design obligation mapped; no implementation verification"
"MVP1-SYS-REQ-076","SystemRequirement076","inherited","StopState","https://github.com/Hans-Einar/ponsse/blob/7589a5811a21ec6bb13979612060ceff0f690df8/MVP1/SDP/03--Requirements/requirements.md","design obligation mapped; no implementation verification"
"MVP1-SYS-REQ-077","SystemRequirement077","inherited","DiagnosticsSurviveStop","https://github.com/Hans-Einar/ponsse/blob/7589a5811a21ec6bb13979612060ceff0f690df8/MVP1/SDP/03--Requirements/requirements.md","design obligation mapped; no implementation verification"
"MVP1-SYS-REQ-078","SystemRequirement078","inherited","HandleMachineStop","https://github.com/Hans-Einar/ponsse/blob/7589a5811a21ec6bb13979612060ceff0f690df8/MVP1/SDP/03--Requirements/requirements.md","design obligation mapped; no implementation verification"
"MVP1-SYS-REQ-079","SystemRequirement079","inherited","PermissiveInputAdapter","https://github.com/Hans-Einar/ponsse/blob/7589a5811a21ec6bb13979612060ceff0f690df8/MVP1/SDP/03--Requirements/requirements.md","design obligation mapped; no implementation verification"
"MVP1-SYS-REQ-080","SystemRequirement080","inherited","GlobalStopFlow","https://github.com/Hans-Einar/ponsse/blob/7589a5811a21ec6bb13979612060ceff0f690df8/MVP1/SDP/03--Requirements/requirements.md","design obligation mapped; no implementation verification"
"MVP1-SYS-REQ-081","SystemRequirement081","inherited","StableCommandIdentity","https://github.com/Hans-Einar/ponsse/blob/7589a5811a21ec6bb13979612060ceff0f690df8/MVP1/SDP/03--Requirements/requirements.md","design obligation mapped; no implementation verification"
"MVP1-SYS-REQ-082","SystemRequirement082","inherited","HandleBuckingStop","https://github.com/Hans-Einar/ponsse/blob/7589a5811a21ec6bb13979612060ceff0f690df8/MVP1/SDP/03--Requirements/requirements.md","design obligation mapped; no implementation verification"
"MVP1-SYS-REQ-083","SystemRequirement083","inherited","HandleMachineStop","https://github.com/Hans-Einar/ponsse/blob/7589a5811a21ec6bb13979612060ceff0f690df8/MVP1/SDP/03--Requirements/requirements.md","design obligation mapped; no implementation verification"
"MVP1-SYS-REQ-084","SystemRequirement084","inherited","SimCtl;MsCtl;BuckCtl","https://github.com/Hans-Einar/ponsse/blob/7589a5811a21ec6bb13979612060ceff0f690df8/MVP1/SDP/03--Requirements/requirements.md","design obligation mapped; no implementation verification"
"MVP1-SYS-REQ-085","SystemRequirement085","inherited","CommonServiceContract","https://github.com/Hans-Einar/ponsse/blob/7589a5811a21ec6bb13979612060ceff0f690df8/MVP1/SDP/03--Requirements/requirements.md","design obligation mapped; no implementation verification"
"MVP1-SYS-REQ-086","SystemRequirement086","inherited","HandleBuckingStop;StopLabAutomation","https://github.com/Hans-Einar/ponsse/blob/7589a5811a21ec6bb13979612060ceff0f690df8/MVP1/SDP/03--Requirements/requirements.md","design obligation mapped; no implementation verification"
"MVP1-SYS-REQ-087","SystemRequirement087","inherited","CommonServiceContract","https://github.com/Hans-Einar/ponsse/blob/7589a5811a21ec6bb13979612060ceff0f690df8/MVP1/SDP/03--Requirements/requirements.md","design obligation mapped; no implementation verification"
"MVP1-SYS-REQ-088","SystemRequirement088","inherited","StopState","https://github.com/Hans-Einar/ponsse/blob/7589a5811a21ec6bb13979612060ceff0f690df8/MVP1/SDP/03--Requirements/requirements.md","design obligation mapped; no implementation verification"
"MVP1-SYS-REQ-089","SystemRequirement089","inherited","ServerBoundAuthority","https://github.com/Hans-Einar/ponsse/blob/7589a5811a21ec6bb13979612060ceff0f690df8/MVP1/SDP/03--Requirements/requirements.md","design obligation mapped; no implementation verification"
"MVP1-SYS-REQ-090","SystemRequirement090","inherited","RecoverCommandLifecycle","https://github.com/Hans-Einar/ponsse/blob/7589a5811a21ec6bb13979612060ceff0f690df8/MVP1/SDP/03--Requirements/requirements.md","design obligation mapped; no implementation verification"
"MVP1-SYS-REQ-091","SystemRequirement091","inherited","DistinctSequenceDomains","https://github.com/Hans-Einar/ponsse/blob/7589a5811a21ec6bb13979612060ceff0f690df8/MVP1/SDP/03--Requirements/requirements.md","design obligation mapped; no implementation verification"
"MVP1-SYS-REQ-092","SystemRequirement092","inherited","CommitUiBaseline","https://github.com/Hans-Einar/ponsse/blob/7589a5811a21ec6bb13979612060ceff0f690df8/MVP1/SDP/03--Requirements/requirements.md","design obligation mapped; no implementation verification"
"MVP1-SYS-REQ-093","SystemRequirement093","inherited","NegotiateServiceSession","https://github.com/Hans-Einar/ponsse/blob/7589a5811a21ec6bb13979612060ceff0f690df8/MVP1/SDP/03--Requirements/requirements.md","design obligation mapped; no implementation verification"
"MVP1-SYS-REQ-094","SystemRequirement094","inherited","ConservativeQuality","https://github.com/Hans-Einar/ponsse/blob/7589a5811a21ec6bb13979612060ceff0f690df8/MVP1/SDP/03--Requirements/requirements.md","design obligation mapped; no implementation verification"
"MVP1-SYS-REQ-095","SystemRequirement095","inherited","ServeMachineLabRequests","https://github.com/Hans-Einar/ponsse/blob/7589a5811a21ec6bb13979612060ceff0f690df8/MVP1/SDP/03--Requirements/requirements.md","design obligation mapped; no implementation verification"
"MVP1-SYS-REQ-096","SystemRequirement096","inherited","MVP1","https://github.com/Hans-Einar/ponsse/blob/7589a5811a21ec6bb13979612060ceff0f690df8/MVP1/SDP/03--Requirements/requirements.md","design obligation mapped; no implementation verification"
"MVP1-SYS-REQ-097","SystemRequirement097","inherited","ContractRegistry","https://github.com/Hans-Einar/ponsse/blob/7589a5811a21ec6bb13979612060ceff0f690df8/MVP1/SDP/03--Requirements/requirements.md","design obligation mapped; no implementation verification"
"MVP1-SYS-REQ-098","SystemRequirement098","inherited","CheckCrossLanguageFixtures","https://github.com/Hans-Einar/ponsse/blob/7589a5811a21ec6bb13979612060ceff0f690df8/MVP1/SDP/03--Requirements/requirements.md","design obligation mapped; no implementation verification"
"MVP1-SYS-REQ-099","SystemRequirement099","inherited","MVP1","https://github.com/Hans-Einar/ponsse/blob/7589a5811a21ec6bb13979612060ceff0f690df8/MVP1/SDP/03--Requirements/requirements.md","design obligation mapped; no implementation verification"
"CTR-REQ-001","CTRRequirement001","proposed","ContractRegistry","https://github.com/Hans-Einar/ponsse/blob/7589a5811a21ec6bb13979612060ceff0f690df8/MVP1/contracts/SDP/03--Requirements/requirements.md","design obligation mapped; no implementation verification"
"CTR-REQ-002","CTRRequirement002","proposed","ContractRegistry","https://github.com/Hans-Einar/ponsse/blob/7589a5811a21ec6bb13979612060ceff0f690df8/MVP1/contracts/SDP/03--Requirements/requirements.md","design obligation mapped; no implementation verification"
"CTR-REQ-003","CTRRequirement003","proposed","ContractRegistry","https://github.com/Hans-Einar/ponsse/blob/7589a5811a21ec6bb13979612060ceff0f690df8/MVP1/contracts/SDP/03--Requirements/requirements.md","design obligation mapped; no implementation verification"
"CTR-REQ-004","CTRRequirement004","proposed","ContractRegistry","https://github.com/Hans-Einar/ponsse/blob/7589a5811a21ec6bb13979612060ceff0f690df8/MVP1/contracts/SDP/03--Requirements/requirements.md","design obligation mapped; no implementation verification"
"CTR-REQ-005","CTRRequirement005","proposed","ContractRegistry","https://github.com/Hans-Einar/ponsse/blob/7589a5811a21ec6bb13979612060ceff0f690df8/MVP1/contracts/SDP/03--Requirements/requirements.md","design obligation mapped; no implementation verification"
"CTR-REQ-006","CTRRequirement006","proposed","ContractRegistry","https://github.com/Hans-Einar/ponsse/blob/7589a5811a21ec6bb13979612060ceff0f690df8/MVP1/contracts/SDP/03--Requirements/requirements.md","design obligation mapped; no implementation verification"
"CTR-REQ-007","CTRRequirement007","proposed","ContractRegistry","https://github.com/Hans-Einar/ponsse/blob/7589a5811a21ec6bb13979612060ceff0f690df8/MVP1/contracts/SDP/03--Requirements/requirements.md","design obligation mapped; no implementation verification"
"CTR-REQ-008","CTRRequirement008","proposed","ContractRegistry","https://github.com/Hans-Einar/ponsse/blob/7589a5811a21ec6bb13979612060ceff0f690df8/MVP1/contracts/SDP/03--Requirements/requirements.md","design obligation mapped; no implementation verification"
"CTR-REQ-009","CTRRequirement009","proposed","ContractRegistry","https://github.com/Hans-Einar/ponsse/blob/7589a5811a21ec6bb13979612060ceff0f690df8/MVP1/contracts/SDP/03--Requirements/requirements.md","design obligation mapped; no implementation verification"
"CTR-REQ-010","CTRRequirement010","proposed","ContractRegistry","https://github.com/Hans-Einar/ponsse/blob/7589a5811a21ec6bb13979612060ceff0f690df8/MVP1/contracts/SDP/03--Requirements/requirements.md","design obligation mapped; no implementation verification"
"CTR-REQ-011","CTRRequirement011","proposed","ContractRegistry","https://github.com/Hans-Einar/ponsse/blob/7589a5811a21ec6bb13979612060ceff0f690df8/MVP1/contracts/SDP/03--Requirements/requirements.md","design obligation mapped; no implementation verification"
"CTR-REQ-012","CTRRequirement012","proposed","ContractRegistry","https://github.com/Hans-Einar/ponsse/blob/7589a5811a21ec6bb13979612060ceff0f690df8/MVP1/contracts/SDP/03--Requirements/requirements.md","design obligation mapped; no implementation verification"
"CTR-REQ-013","CTRRequirement013","proposed","ContractRegistry","https://github.com/Hans-Einar/ponsse/blob/7589a5811a21ec6bb13979612060ceff0f690df8/MVP1/contracts/SDP/03--Requirements/requirements.md","design obligation mapped; no implementation verification"
"CTR-REQ-014","CTRRequirement014","proposed","ContractRegistry","https://github.com/Hans-Einar/ponsse/blob/7589a5811a21ec6bb13979612060ceff0f690df8/MVP1/contracts/SDP/03--Requirements/requirements.md","design obligation mapped; no implementation verification"
"CTR-REQ-015","CTRRequirement015","proposed","ContractRegistry","https://github.com/Hans-Einar/ponsse/blob/7589a5811a21ec6bb13979612060ceff0f690df8/MVP1/contracts/SDP/03--Requirements/requirements.md","design obligation mapped; no implementation verification"
"CTR-REQ-016","CTRRequirement016","proposed","ContractRegistry","https://github.com/Hans-Einar/ponsse/blob/7589a5811a21ec6bb13979612060ceff0f690df8/MVP1/contracts/SDP/03--Requirements/requirements.md","design obligation mapped; no implementation verification"
"CTR-REQ-017","CTRRequirement017","proposed","ContractRegistry","https://github.com/Hans-Einar/ponsse/blob/7589a5811a21ec6bb13979612060ceff0f690df8/MVP1/contracts/SDP/03--Requirements/requirements.md","design obligation mapped; no implementation verification"
"CTR-REQ-018","CTRRequirement018","proposed","ContractRegistry","https://github.com/Hans-Einar/ponsse/blob/7589a5811a21ec6bb13979612060ceff0f690df8/MVP1/contracts/SDP/03--Requirements/requirements.md","design obligation mapped; no implementation verification"
"BCK-REQ-001","BCKRequirement001","proposed","BuckingCore","https://github.com/Hans-Einar/ponsse/blob/7589a5811a21ec6bb13979612060ceff0f690df8/MVP1/packages/bucking-core/SDP/03--Requirements/requirements.md","design obligation mapped; no implementation verification"
"BCK-REQ-002","BCKRequirement002","proposed","BuckingCore","https://github.com/Hans-Einar/ponsse/blob/7589a5811a21ec6bb13979612060ceff0f690df8/MVP1/packages/bucking-core/SDP/03--Requirements/requirements.md","design obligation mapped; no implementation verification"
"BCK-REQ-003","BCKRequirement003","proposed","BuckingCore","https://github.com/Hans-Einar/ponsse/blob/7589a5811a21ec6bb13979612060ceff0f690df8/MVP1/packages/bucking-core/SDP/03--Requirements/requirements.md","design obligation mapped; no implementation verification"
"BCK-REQ-004","BCKRequirement004","proposed","BuckingCore","https://github.com/Hans-Einar/ponsse/blob/7589a5811a21ec6bb13979612060ceff0f690df8/MVP1/packages/bucking-core/SDP/03--Requirements/requirements.md","design obligation mapped; no implementation verification"
"BCK-REQ-005","BCKRequirement005","proposed","BuckingCore","https://github.com/Hans-Einar/ponsse/blob/7589a5811a21ec6bb13979612060ceff0f690df8/MVP1/packages/bucking-core/SDP/03--Requirements/requirements.md","design obligation mapped; no implementation verification"
"BCK-REQ-006","BCKRequirement006","proposed","BuckingCore","https://github.com/Hans-Einar/ponsse/blob/7589a5811a21ec6bb13979612060ceff0f690df8/MVP1/packages/bucking-core/SDP/03--Requirements/requirements.md","design obligation mapped; no implementation verification"
"BCK-REQ-007","BCKRequirement007","proposed","BuckingCore","https://github.com/Hans-Einar/ponsse/blob/7589a5811a21ec6bb13979612060ceff0f690df8/MVP1/packages/bucking-core/SDP/03--Requirements/requirements.md","design obligation mapped; no implementation verification"
"BCK-REQ-008","BCKRequirement008","proposed","BuckingCore","https://github.com/Hans-Einar/ponsse/blob/7589a5811a21ec6bb13979612060ceff0f690df8/MVP1/packages/bucking-core/SDP/03--Requirements/requirements.md","design obligation mapped; no implementation verification"
"BCK-REQ-009","BCKRequirement009","proposed","BuckingCore","https://github.com/Hans-Einar/ponsse/blob/7589a5811a21ec6bb13979612060ceff0f690df8/MVP1/packages/bucking-core/SDP/03--Requirements/requirements.md","design obligation mapped; no implementation verification"
"BCK-REQ-010","BCKRequirement010","proposed","BuckingCore","https://github.com/Hans-Einar/ponsse/blob/7589a5811a21ec6bb13979612060ceff0f690df8/MVP1/packages/bucking-core/SDP/03--Requirements/requirements.md","design obligation mapped; no implementation verification"
"SFC-REQ-001","SFCRequirement001","proposed","StanfordClassic","https://github.com/Hans-Einar/ponsse/blob/7589a5811a21ec6bb13979612060ceff0f690df8/MVP1/packages/stanford-classic/SDP/03--Requirements/requirements.md","design obligation mapped; no implementation verification"
"SFC-REQ-002","SFCRequirement002","proposed","StanfordClassic","https://github.com/Hans-Einar/ponsse/blob/7589a5811a21ec6bb13979612060ceff0f690df8/MVP1/packages/stanford-classic/SDP/03--Requirements/requirements.md","design obligation mapped; no implementation verification"
"SFC-REQ-003","SFCRequirement003","proposed","StanfordClassic","https://github.com/Hans-Einar/ponsse/blob/7589a5811a21ec6bb13979612060ceff0f690df8/MVP1/packages/stanford-classic/SDP/03--Requirements/requirements.md","design obligation mapped; no implementation verification"
"SFC-REQ-004","SFCRequirement004","proposed","StanfordClassic","https://github.com/Hans-Einar/ponsse/blob/7589a5811a21ec6bb13979612060ceff0f690df8/MVP1/packages/stanford-classic/SDP/03--Requirements/requirements.md","design obligation mapped; no implementation verification"
"SFC-REQ-005","SFCRequirement005","proposed","StanfordClassic","https://github.com/Hans-Einar/ponsse/blob/7589a5811a21ec6bb13979612060ceff0f690df8/MVP1/packages/stanford-classic/SDP/03--Requirements/requirements.md","design obligation mapped; no implementation verification"
"SFC-REQ-006","SFCRequirement006","proposed","StanfordClassic","https://github.com/Hans-Einar/ponsse/blob/7589a5811a21ec6bb13979612060ceff0f690df8/MVP1/packages/stanford-classic/SDP/03--Requirements/requirements.md","design obligation mapped; no implementation verification"
"SFC-REQ-007","SFCRequirement007","proposed","StanfordClassic","https://github.com/Hans-Einar/ponsse/blob/7589a5811a21ec6bb13979612060ceff0f690df8/MVP1/packages/stanford-classic/SDP/03--Requirements/requirements.md","design obligation mapped; no implementation verification"
"SFC-REQ-008","SFCRequirement008","proposed","StanfordClassic","https://github.com/Hans-Einar/ponsse/blob/7589a5811a21ec6bb13979612060ceff0f690df8/MVP1/packages/stanford-classic/SDP/03--Requirements/requirements.md","design obligation mapped; no implementation verification"
"SFC-REQ-009","SFCRequirement009","proposed","StanfordClassic","https://github.com/Hans-Einar/ponsse/blob/7589a5811a21ec6bb13979612060ceff0f690df8/MVP1/packages/stanford-classic/SDP/03--Requirements/requirements.md","design obligation mapped; no implementation verification"
"SFC-REQ-010","SFCRequirement010","proposed","StanfordClassic","https://github.com/Hans-Einar/ponsse/blob/7589a5811a21ec6bb13979612060ceff0f690df8/MVP1/packages/stanford-classic/SDP/03--Requirements/requirements.md","design obligation mapped; no implementation verification"
"TPR-REQ-001","TPRRequirement001","proposed","TaperModels","https://github.com/Hans-Einar/ponsse/blob/7589a5811a21ec6bb13979612060ceff0f690df8/MVP1/packages/taper-models/SDP/03--Requirements/requirements.md","design obligation mapped; no implementation verification"
"TPR-REQ-002","TPRRequirement002","proposed","TaperModels","https://github.com/Hans-Einar/ponsse/blob/7589a5811a21ec6bb13979612060ceff0f690df8/MVP1/packages/taper-models/SDP/03--Requirements/requirements.md","design obligation mapped; no implementation verification"
"TPR-REQ-003","TPRRequirement003","proposed","TaperModels","https://github.com/Hans-Einar/ponsse/blob/7589a5811a21ec6bb13979612060ceff0f690df8/MVP1/packages/taper-models/SDP/03--Requirements/requirements.md","design obligation mapped; no implementation verification"
"TPR-REQ-004","TPRRequirement004","proposed","TaperModels","https://github.com/Hans-Einar/ponsse/blob/7589a5811a21ec6bb13979612060ceff0f690df8/MVP1/packages/taper-models/SDP/03--Requirements/requirements.md","design obligation mapped; no implementation verification"
"TPR-REQ-005","TPRRequirement005","proposed","TaperModels","https://github.com/Hans-Einar/ponsse/blob/7589a5811a21ec6bb13979612060ceff0f690df8/MVP1/packages/taper-models/SDP/03--Requirements/requirements.md","design obligation mapped; no implementation verification"
"TPR-REQ-006","TPRRequirement006","proposed","TaperModels","https://github.com/Hans-Einar/ponsse/blob/7589a5811a21ec6bb13979612060ceff0f690df8/MVP1/packages/taper-models/SDP/03--Requirements/requirements.md","design obligation mapped; no implementation verification"
"TPR-REQ-007","TPRRequirement007","proposed","TaperModels","https://github.com/Hans-Einar/ponsse/blob/7589a5811a21ec6bb13979612060ceff0f690df8/MVP1/packages/taper-models/SDP/03--Requirements/requirements.md","design obligation mapped; no implementation verification"
"TPR-REQ-008","TPRRequirement008","proposed","TaperModels","https://github.com/Hans-Einar/ponsse/blob/7589a5811a21ec6bb13979612060ceff0f690df8/MVP1/packages/taper-models/SDP/03--Requirements/requirements.md","design obligation mapped; no implementation verification"
"TPR-REQ-009","TPRRequirement009","proposed","TaperModels","https://github.com/Hans-Einar/ponsse/blob/7589a5811a21ec6bb13979612060ceff0f690df8/MVP1/packages/taper-models/SDP/03--Requirements/requirements.md","design obligation mapped; no implementation verification"
"TPR-REQ-010","TPRRequirement010","proposed","TaperModels","https://github.com/Hans-Einar/ponsse/blob/7589a5811a21ec6bb13979612060ceff0f690df8/MVP1/packages/taper-models/SDP/03--Requirements/requirements.md","design obligation mapped; no implementation verification"
"BLB-REQ-001","BLBRequirement001","proposed","BuckingLab","https://github.com/Hans-Einar/ponsse/blob/7589a5811a21ec6bb13979612060ceff0f690df8/MVP1/services/bucking-lab/SDP/03--Requirements/requirements.md","design obligation mapped; no implementation verification"
"BLB-REQ-002","BLBRequirement002","proposed","BuckingLab","https://github.com/Hans-Einar/ponsse/blob/7589a5811a21ec6bb13979612060ceff0f690df8/MVP1/services/bucking-lab/SDP/03--Requirements/requirements.md","design obligation mapped; no implementation verification"
"BLB-REQ-003","BLBRequirement003","proposed","BuckingLab","https://github.com/Hans-Einar/ponsse/blob/7589a5811a21ec6bb13979612060ceff0f690df8/MVP1/services/bucking-lab/SDP/03--Requirements/requirements.md","design obligation mapped; no implementation verification"
"BLB-REQ-004","BLBRequirement004","proposed","BuckingLab","https://github.com/Hans-Einar/ponsse/blob/7589a5811a21ec6bb13979612060ceff0f690df8/MVP1/services/bucking-lab/SDP/03--Requirements/requirements.md","design obligation mapped; no implementation verification"
"BLB-REQ-005","BLBRequirement005","proposed","BuckingLab","https://github.com/Hans-Einar/ponsse/blob/7589a5811a21ec6bb13979612060ceff0f690df8/MVP1/services/bucking-lab/SDP/03--Requirements/requirements.md","design obligation mapped; no implementation verification"
"BLB-REQ-006","BLBRequirement006","proposed","BuckingLab","https://github.com/Hans-Einar/ponsse/blob/7589a5811a21ec6bb13979612060ceff0f690df8/MVP1/services/bucking-lab/SDP/03--Requirements/requirements.md","design obligation mapped; no implementation verification"
"BLB-REQ-007","BLBRequirement007","proposed","BuckingLab","https://github.com/Hans-Einar/ponsse/blob/7589a5811a21ec6bb13979612060ceff0f690df8/MVP1/services/bucking-lab/SDP/03--Requirements/requirements.md","design obligation mapped; no implementation verification"
"BLB-REQ-008","BLBRequirement008","proposed","BuckingLab","https://github.com/Hans-Einar/ponsse/blob/7589a5811a21ec6bb13979612060ceff0f690df8/MVP1/services/bucking-lab/SDP/03--Requirements/requirements.md","design obligation mapped; no implementation verification"
"BLB-REQ-009","BLBRequirement009","proposed","BuckingLab","https://github.com/Hans-Einar/ponsse/blob/7589a5811a21ec6bb13979612060ceff0f690df8/MVP1/services/bucking-lab/SDP/03--Requirements/requirements.md","design obligation mapped; no implementation verification"
"BLB-REQ-010","BLBRequirement010","proposed","BuckingLab","https://github.com/Hans-Einar/ponsse/blob/7589a5811a21ec6bb13979612060ceff0f690df8/MVP1/services/bucking-lab/SDP/03--Requirements/requirements.md","design obligation mapped; no implementation verification"
"BLB-REQ-011","BLBRequirement011","proposed","BuckingLab","https://github.com/Hans-Einar/ponsse/blob/7589a5811a21ec6bb13979612060ceff0f690df8/MVP1/services/bucking-lab/SDP/03--Requirements/requirements.md","design obligation mapped; no implementation verification"
"BKS-REQ-001","BKSRequirement001","proposed","BuckingService","https://github.com/Hans-Einar/ponsse/blob/7589a5811a21ec6bb13979612060ceff0f690df8/MVP1/services/bucking-service/SDP/03--Requirements/requirements.md","design obligation mapped; no implementation verification"
"BKS-REQ-002","BKSRequirement002","proposed","BuckingService","https://github.com/Hans-Einar/ponsse/blob/7589a5811a21ec6bb13979612060ceff0f690df8/MVP1/services/bucking-service/SDP/03--Requirements/requirements.md","design obligation mapped; no implementation verification"
"BKS-REQ-003","BKSRequirement003","proposed","BuckingService","https://github.com/Hans-Einar/ponsse/blob/7589a5811a21ec6bb13979612060ceff0f690df8/MVP1/services/bucking-service/SDP/03--Requirements/requirements.md","design obligation mapped; no implementation verification"
"BKS-REQ-004","BKSRequirement004","proposed","BuckingService","https://github.com/Hans-Einar/ponsse/blob/7589a5811a21ec6bb13979612060ceff0f690df8/MVP1/services/bucking-service/SDP/03--Requirements/requirements.md","design obligation mapped; no implementation verification"
"BKS-REQ-005","BKSRequirement005","proposed","BuckingService","https://github.com/Hans-Einar/ponsse/blob/7589a5811a21ec6bb13979612060ceff0f690df8/MVP1/services/bucking-service/SDP/03--Requirements/requirements.md","design obligation mapped; no implementation verification"
"BKS-REQ-006","BKSRequirement006","proposed","BuckingService","https://github.com/Hans-Einar/ponsse/blob/7589a5811a21ec6bb13979612060ceff0f690df8/MVP1/services/bucking-service/SDP/03--Requirements/requirements.md","design obligation mapped; no implementation verification"
"BKS-REQ-007","BKSRequirement007","proposed","BuckingService","https://github.com/Hans-Einar/ponsse/blob/7589a5811a21ec6bb13979612060ceff0f690df8/MVP1/services/bucking-service/SDP/03--Requirements/requirements.md","design obligation mapped; no implementation verification"
"BKS-REQ-008","BKSRequirement008","proposed","BuckingService","https://github.com/Hans-Einar/ponsse/blob/7589a5811a21ec6bb13979612060ceff0f690df8/MVP1/services/bucking-service/SDP/03--Requirements/requirements.md","design obligation mapped; no implementation verification"
"BKS-REQ-009","BKSRequirement009","proposed","BuckingService","https://github.com/Hans-Einar/ponsse/blob/7589a5811a21ec6bb13979612060ceff0f690df8/MVP1/services/bucking-service/SDP/03--Requirements/requirements.md","design obligation mapped; no implementation verification"
"BKS-REQ-010","BKSRequirement010","proposed","BuckingService","https://github.com/Hans-Einar/ponsse/blob/7589a5811a21ec6bb13979612060ceff0f690df8/MVP1/services/bucking-service/SDP/03--Requirements/requirements.md","design obligation mapped; no implementation verification"
"BKS-REQ-011","BKSRequirement011","proposed","BuckingService","https://github.com/Hans-Einar/ponsse/blob/7589a5811a21ec6bb13979612060ceff0f690df8/MVP1/services/bucking-service/SDP/03--Requirements/requirements.md","design obligation mapped; no implementation verification"
"BKS-REQ-012","BKSRequirement012","proposed","BuckingService","https://github.com/Hans-Einar/ponsse/blob/7589a5811a21ec6bb13979612060ceff0f690df8/MVP1/services/bucking-service/SDP/03--Requirements/requirements.md","design obligation mapped; no implementation verification"
"BKS-REQ-013","BKSRequirement013","proposed","BuckingService","https://github.com/Hans-Einar/ponsse/blob/7589a5811a21ec6bb13979612060ceff0f690df8/MVP1/services/bucking-service/SDP/03--Requirements/requirements.md","design obligation mapped; no implementation verification"
"BKS-REQ-014","BKSRequirement014","proposed","BuckingService","https://github.com/Hans-Einar/ponsse/blob/7589a5811a21ec6bb13979612060ceff0f690df8/MVP1/services/bucking-service/SDP/03--Requirements/requirements.md","design obligation mapped; no implementation verification"
"BKS-REQ-015","BKSRequirement015","proposed","BuckingService","https://github.com/Hans-Einar/ponsse/blob/7589a5811a21ec6bb13979612060ceff0f690df8/MVP1/services/bucking-service/SDP/03--Requirements/requirements.md","design obligation mapped; no implementation verification"
"BKS-REQ-016","BKSRequirement016","proposed","BuckingService","https://github.com/Hans-Einar/ponsse/blob/7589a5811a21ec6bb13979612060ceff0f690df8/MVP1/services/bucking-service/SDP/03--Requirements/requirements.md","design obligation mapped; no implementation verification"
"BKS-REQ-017","BKSRequirement017","proposed","BuckingService","https://github.com/Hans-Einar/ponsse/blob/7589a5811a21ec6bb13979612060ceff0f690df8/MVP1/services/bucking-service/SDP/03--Requirements/requirements.md","design obligation mapped; no implementation verification"
"BKS-REQ-018","BKSRequirement018","proposed","BuckingService","https://github.com/Hans-Einar/ponsse/blob/7589a5811a21ec6bb13979612060ceff0f690df8/MVP1/services/bucking-service/SDP/03--Requirements/requirements.md","design obligation mapped; no implementation verification"
"BWEB-REQ-001","BWEBRequirement001","proposed","BuckingWeb","https://github.com/Hans-Einar/ponsse/blob/7589a5811a21ec6bb13979612060ceff0f690df8/MVP1/services/bucking-web/SDP/03--Requirements/requirements.md","design obligation mapped; no implementation verification"
"BWEB-REQ-002","BWEBRequirement002","proposed","BuckingWeb","https://github.com/Hans-Einar/ponsse/blob/7589a5811a21ec6bb13979612060ceff0f690df8/MVP1/services/bucking-web/SDP/03--Requirements/requirements.md","design obligation mapped; no implementation verification"
"BWEB-REQ-003","BWEBRequirement003","proposed","BuckingWeb","https://github.com/Hans-Einar/ponsse/blob/7589a5811a21ec6bb13979612060ceff0f690df8/MVP1/services/bucking-web/SDP/03--Requirements/requirements.md","design obligation mapped; no implementation verification"
"BWEB-REQ-004","BWEBRequirement004","proposed","BuckingWeb","https://github.com/Hans-Einar/ponsse/blob/7589a5811a21ec6bb13979612060ceff0f690df8/MVP1/services/bucking-web/SDP/03--Requirements/requirements.md","design obligation mapped; no implementation verification"
"BWEB-REQ-005","BWEBRequirement005","proposed","BuckingWeb","https://github.com/Hans-Einar/ponsse/blob/7589a5811a21ec6bb13979612060ceff0f690df8/MVP1/services/bucking-web/SDP/03--Requirements/requirements.md","design obligation mapped; no implementation verification"
"BWEB-REQ-006","BWEBRequirement006","proposed","BuckingWeb","https://github.com/Hans-Einar/ponsse/blob/7589a5811a21ec6bb13979612060ceff0f690df8/MVP1/services/bucking-web/SDP/03--Requirements/requirements.md","design obligation mapped; no implementation verification"
"BWEB-REQ-007","BWEBRequirement007","proposed","BuckingWeb","https://github.com/Hans-Einar/ponsse/blob/7589a5811a21ec6bb13979612060ceff0f690df8/MVP1/services/bucking-web/SDP/03--Requirements/requirements.md","design obligation mapped; no implementation verification"
"BWEB-REQ-008","BWEBRequirement008","proposed","BuckingWeb","https://github.com/Hans-Einar/ponsse/blob/7589a5811a21ec6bb13979612060ceff0f690df8/MVP1/services/bucking-web/SDP/03--Requirements/requirements.md","design obligation mapped; no implementation verification"
"BWEB-REQ-009","BWEBRequirement009","proposed","BuckingWeb","https://github.com/Hans-Einar/ponsse/blob/7589a5811a21ec6bb13979612060ceff0f690df8/MVP1/services/bucking-web/SDP/03--Requirements/requirements.md","design obligation mapped; no implementation verification"
"BWEB-REQ-010","BWEBRequirement010","proposed","BuckingWeb","https://github.com/Hans-Einar/ponsse/blob/7589a5811a21ec6bb13979612060ceff0f690df8/MVP1/services/bucking-web/SDP/03--Requirements/requirements.md","design obligation mapped; no implementation verification"
"BWEB-REQ-011","BWEBRequirement011","proposed","BuckingWeb","https://github.com/Hans-Einar/ponsse/blob/7589a5811a21ec6bb13979612060ceff0f690df8/MVP1/services/bucking-web/SDP/03--Requirements/requirements.md","design obligation mapped; no implementation verification"
"BWEB-REQ-012","BWEBRequirement012","proposed","BuckingWeb","https://github.com/Hans-Einar/ponsse/blob/7589a5811a21ec6bb13979612060ceff0f690df8/MVP1/services/bucking-web/SDP/03--Requirements/requirements.md","design obligation mapped; no implementation verification"
"MLB-REQ-001","MLBRequirement001","inherited","MachineLab","https://github.com/Hans-Einar/ponsse/blob/7589a5811a21ec6bb13979612060ceff0f690df8/MVP1/services/machine-lab/SDP/03--Requirements/requirements.md","design obligation mapped; no implementation verification"
"MLB-REQ-002","MLBRequirement002","inherited","MachineLab","https://github.com/Hans-Einar/ponsse/blob/7589a5811a21ec6bb13979612060ceff0f690df8/MVP1/services/machine-lab/SDP/03--Requirements/requirements.md","design obligation mapped; no implementation verification"
"MLB-REQ-003","MLBRequirement003","inherited","MachineLab","https://github.com/Hans-Einar/ponsse/blob/7589a5811a21ec6bb13979612060ceff0f690df8/MVP1/services/machine-lab/SDP/03--Requirements/requirements.md","design obligation mapped; no implementation verification"
"MLB-REQ-004","MLBRequirement004","inherited","MachineLab","https://github.com/Hans-Einar/ponsse/blob/7589a5811a21ec6bb13979612060ceff0f690df8/MVP1/services/machine-lab/SDP/03--Requirements/requirements.md","design obligation mapped; no implementation verification"
"MLB-REQ-005","MLBRequirement005","inherited","MachineLab","https://github.com/Hans-Einar/ponsse/blob/7589a5811a21ec6bb13979612060ceff0f690df8/MVP1/services/machine-lab/SDP/03--Requirements/requirements.md","design obligation mapped; no implementation verification"
"MLB-REQ-006","MLBRequirement006","inherited","MachineLab","https://github.com/Hans-Einar/ponsse/blob/7589a5811a21ec6bb13979612060ceff0f690df8/MVP1/services/machine-lab/SDP/03--Requirements/requirements.md","design obligation mapped; no implementation verification"
"MLB-REQ-007","MLBRequirement007","inherited","MachineLab","https://github.com/Hans-Einar/ponsse/blob/7589a5811a21ec6bb13979612060ceff0f690df8/MVP1/services/machine-lab/SDP/03--Requirements/requirements.md","design obligation mapped; no implementation verification"
"MLB-REQ-008","MLBRequirement008","inherited","MachineLab","https://github.com/Hans-Einar/ponsse/blob/7589a5811a21ec6bb13979612060ceff0f690df8/MVP1/services/machine-lab/SDP/03--Requirements/requirements.md","design obligation mapped; no implementation verification"
"MLB-REQ-009","MLBRequirement009","inherited","MachineLab","https://github.com/Hans-Einar/ponsse/blob/7589a5811a21ec6bb13979612060ceff0f690df8/MVP1/services/machine-lab/SDP/03--Requirements/requirements.md","design obligation mapped; no implementation verification"
"MLB-REQ-010","MLBRequirement010","inherited","MachineLab","https://github.com/Hans-Einar/ponsse/blob/7589a5811a21ec6bb13979612060ceff0f690df8/MVP1/services/machine-lab/SDP/03--Requirements/requirements.md","design obligation mapped; no implementation verification"
"MLB-REQ-011","MLBRequirement011","inherited","MachineLab","https://github.com/Hans-Einar/ponsse/blob/7589a5811a21ec6bb13979612060ceff0f690df8/MVP1/services/machine-lab/SDP/03--Requirements/requirements.md","design obligation mapped; no implementation verification"
"MLB-REQ-012","MLBRequirement012","inherited","MachineLab","https://github.com/Hans-Einar/ponsse/blob/7589a5811a21ec6bb13979612060ceff0f690df8/MVP1/services/machine-lab/SDP/03--Requirements/requirements.md","design obligation mapped; no implementation verification"
"MLB-REQ-013","MLBRequirement013","inherited","MachineLab","https://github.com/Hans-Einar/ponsse/blob/7589a5811a21ec6bb13979612060ceff0f690df8/MVP1/services/machine-lab/SDP/03--Requirements/requirements.md","design obligation mapped; no implementation verification"
"MLB-REQ-014","MLBRequirement014","inherited","MachineLab","https://github.com/Hans-Einar/ponsse/blob/7589a5811a21ec6bb13979612060ceff0f690df8/MVP1/services/machine-lab/SDP/03--Requirements/requirements.md","design obligation mapped; no implementation verification"
"MLB-REQ-015","MLBRequirement015","inherited","MachineLab","https://github.com/Hans-Einar/ponsse/blob/7589a5811a21ec6bb13979612060ceff0f690df8/MVP1/services/machine-lab/SDP/03--Requirements/requirements.md","design obligation mapped; no implementation verification"
"MLB-REQ-016","MLBRequirement016","inherited","MachineLab","https://github.com/Hans-Einar/ponsse/blob/7589a5811a21ec6bb13979612060ceff0f690df8/MVP1/services/machine-lab/SDP/03--Requirements/requirements.md","design obligation mapped; no implementation verification"
"MCH-REQ-001","MCHRequirement001","inherited","MachineService","https://github.com/Hans-Einar/ponsse/blob/7589a5811a21ec6bb13979612060ceff0f690df8/MVP1/services/machine-service/SDP/03--Requirements/requirements.md","design obligation mapped; no implementation verification"
"MCH-REQ-002","MCHRequirement002","inherited","MachineService","https://github.com/Hans-Einar/ponsse/blob/7589a5811a21ec6bb13979612060ceff0f690df8/MVP1/services/machine-service/SDP/03--Requirements/requirements.md","design obligation mapped; no implementation verification"
"MCH-REQ-003","MCHRequirement003","inherited","MachineService","https://github.com/Hans-Einar/ponsse/blob/7589a5811a21ec6bb13979612060ceff0f690df8/MVP1/services/machine-service/SDP/03--Requirements/requirements.md","design obligation mapped; no implementation verification"
"MCH-REQ-004","MCHRequirement004","inherited","MachineService","https://github.com/Hans-Einar/ponsse/blob/7589a5811a21ec6bb13979612060ceff0f690df8/MVP1/services/machine-service/SDP/03--Requirements/requirements.md","design obligation mapped; no implementation verification"
"MCH-REQ-005","MCHRequirement005","inherited","MachineService","https://github.com/Hans-Einar/ponsse/blob/7589a5811a21ec6bb13979612060ceff0f690df8/MVP1/services/machine-service/SDP/03--Requirements/requirements.md","design obligation mapped; no implementation verification"
"MCH-REQ-006","MCHRequirement006","inherited","MachineService","https://github.com/Hans-Einar/ponsse/blob/7589a5811a21ec6bb13979612060ceff0f690df8/MVP1/services/machine-service/SDP/03--Requirements/requirements.md","design obligation mapped; no implementation verification"
"MCH-REQ-007","MCHRequirement007","inherited","MachineService","https://github.com/Hans-Einar/ponsse/blob/7589a5811a21ec6bb13979612060ceff0f690df8/MVP1/services/machine-service/SDP/03--Requirements/requirements.md","design obligation mapped; no implementation verification"
"MCH-REQ-008","MCHRequirement008","inherited","MachineService","https://github.com/Hans-Einar/ponsse/blob/7589a5811a21ec6bb13979612060ceff0f690df8/MVP1/services/machine-service/SDP/03--Requirements/requirements.md","design obligation mapped; no implementation verification"
"MCH-REQ-009","MCHRequirement009","inherited","MachineService","https://github.com/Hans-Einar/ponsse/blob/7589a5811a21ec6bb13979612060ceff0f690df8/MVP1/services/machine-service/SDP/03--Requirements/requirements.md","design obligation mapped; no implementation verification"
"MCH-REQ-010","MCHRequirement010","inherited","MachineService","https://github.com/Hans-Einar/ponsse/blob/7589a5811a21ec6bb13979612060ceff0f690df8/MVP1/services/machine-service/SDP/03--Requirements/requirements.md","design obligation mapped; no implementation verification"
"MCH-REQ-011","MCHRequirement011","inherited","MachineService","https://github.com/Hans-Einar/ponsse/blob/7589a5811a21ec6bb13979612060ceff0f690df8/MVP1/services/machine-service/SDP/03--Requirements/requirements.md","design obligation mapped; no implementation verification"
"MCH-REQ-012","MCHRequirement012","inherited","MachineService","https://github.com/Hans-Einar/ponsse/blob/7589a5811a21ec6bb13979612060ceff0f690df8/MVP1/services/machine-service/SDP/03--Requirements/requirements.md","design obligation mapped; no implementation verification"
"MCH-REQ-013","MCHRequirement013","inherited","MachineService","https://github.com/Hans-Einar/ponsse/blob/7589a5811a21ec6bb13979612060ceff0f690df8/MVP1/services/machine-service/SDP/03--Requirements/requirements.md","design obligation mapped; no implementation verification"
"MCH-REQ-014","MCHRequirement014","inherited","MachineService","https://github.com/Hans-Einar/ponsse/blob/7589a5811a21ec6bb13979612060ceff0f690df8/MVP1/services/machine-service/SDP/03--Requirements/requirements.md","design obligation mapped; no implementation verification"
"MCH-REQ-015","MCHRequirement015","inherited","MachineService","https://github.com/Hans-Einar/ponsse/blob/7589a5811a21ec6bb13979612060ceff0f690df8/MVP1/services/machine-service/SDP/03--Requirements/requirements.md","design obligation mapped; no implementation verification"
"MCH-REQ-016","MCHRequirement016","inherited","MachineService","https://github.com/Hans-Einar/ponsse/blob/7589a5811a21ec6bb13979612060ceff0f690df8/MVP1/services/machine-service/SDP/03--Requirements/requirements.md","design obligation mapped; no implementation verification"
"MCH-REQ-017","MCHRequirement017","inherited","MachineService","https://github.com/Hans-Einar/ponsse/blob/7589a5811a21ec6bb13979612060ceff0f690df8/MVP1/services/machine-service/SDP/03--Requirements/requirements.md","design obligation mapped; no implementation verification"
"MCH-REQ-018","MCHRequirement018","inherited","MachineService","https://github.com/Hans-Einar/ponsse/blob/7589a5811a21ec6bb13979612060ceff0f690df8/MVP1/services/machine-service/SDP/03--Requirements/requirements.md","design obligation mapped; no implementation verification"
"MCH-REQ-019","MCHRequirement019","inherited","MachineService","https://github.com/Hans-Einar/ponsse/blob/7589a5811a21ec6bb13979612060ceff0f690df8/MVP1/services/machine-service/SDP/03--Requirements/requirements.md","design obligation mapped; no implementation verification"
"MCH-REQ-020","MCHRequirement020","inherited","MachineService","https://github.com/Hans-Einar/ponsse/blob/7589a5811a21ec6bb13979612060ceff0f690df8/MVP1/services/machine-service/SDP/03--Requirements/requirements.md","design obligation mapped; no implementation verification"
"MCH-REQ-021","MCHRequirement021","inherited","MachineService","https://github.com/Hans-Einar/ponsse/blob/7589a5811a21ec6bb13979612060ceff0f690df8/MVP1/services/machine-service/SDP/03--Requirements/requirements.md","design obligation mapped; no implementation verification"
"MCH-REQ-022","MCHRequirement022","inherited","MachineService","https://github.com/Hans-Einar/ponsse/blob/7589a5811a21ec6bb13979612060ceff0f690df8/MVP1/services/machine-service/SDP/03--Requirements/requirements.md","design obligation mapped; no implementation verification"
"MCH-REQ-023","MCHRequirement023","inherited","MachineService","https://github.com/Hans-Einar/ponsse/blob/7589a5811a21ec6bb13979612060ceff0f690df8/MVP1/services/machine-service/SDP/03--Requirements/requirements.md","design obligation mapped; no implementation verification"
"PGW-REQ-001","PGWRequirement001","proposed","P1000Gateway","https://github.com/Hans-Einar/ponsse/blob/7589a5811a21ec6bb13979612060ceff0f690df8/MVP1/services/p1000-gateway/SDP/03--Requirements/requirements.md","design obligation mapped; no implementation verification"
"PGW-REQ-002","PGWRequirement002","proposed","P1000Gateway","https://github.com/Hans-Einar/ponsse/blob/7589a5811a21ec6bb13979612060ceff0f690df8/MVP1/services/p1000-gateway/SDP/03--Requirements/requirements.md","design obligation mapped; no implementation verification"
"PGW-REQ-003","PGWRequirement003","proposed","P1000Gateway","https://github.com/Hans-Einar/ponsse/blob/7589a5811a21ec6bb13979612060ceff0f690df8/MVP1/services/p1000-gateway/SDP/03--Requirements/requirements.md","design obligation mapped; no implementation verification"
"PGW-REQ-004","PGWRequirement004","proposed","P1000Gateway","https://github.com/Hans-Einar/ponsse/blob/7589a5811a21ec6bb13979612060ceff0f690df8/MVP1/services/p1000-gateway/SDP/03--Requirements/requirements.md","design obligation mapped; no implementation verification"
"PGW-REQ-005","PGWRequirement005","proposed","P1000Gateway","https://github.com/Hans-Einar/ponsse/blob/7589a5811a21ec6bb13979612060ceff0f690df8/MVP1/services/p1000-gateway/SDP/03--Requirements/requirements.md","design obligation mapped; no implementation verification"
"PGW-REQ-006","PGWRequirement006","proposed","P1000Gateway","https://github.com/Hans-Einar/ponsse/blob/7589a5811a21ec6bb13979612060ceff0f690df8/MVP1/services/p1000-gateway/SDP/03--Requirements/requirements.md","design obligation mapped; no implementation verification"
"PGW-REQ-007","PGWRequirement007","proposed","P1000Gateway","https://github.com/Hans-Einar/ponsse/blob/7589a5811a21ec6bb13979612060ceff0f690df8/MVP1/services/p1000-gateway/SDP/03--Requirements/requirements.md","design obligation mapped; no implementation verification"
"PGW-REQ-008","PGWRequirement008","proposed","P1000Gateway","https://github.com/Hans-Einar/ponsse/blob/7589a5811a21ec6bb13979612060ceff0f690df8/MVP1/services/p1000-gateway/SDP/03--Requirements/requirements.md","design obligation mapped; no implementation verification"
"PGW-REQ-009","PGWRequirement009","proposed","P1000Gateway","https://github.com/Hans-Einar/ponsse/blob/7589a5811a21ec6bb13979612060ceff0f690df8/MVP1/services/p1000-gateway/SDP/03--Requirements/requirements.md","design obligation mapped; no implementation verification"
"PGW-REQ-010","PGWRequirement010","proposed","P1000Gateway","https://github.com/Hans-Einar/ponsse/blob/7589a5811a21ec6bb13979612060ceff0f690df8/MVP1/services/p1000-gateway/SDP/03--Requirements/requirements.md","design obligation mapped; no implementation verification"
"PGW-REQ-011","PGWRequirement011","proposed","P1000Gateway","https://github.com/Hans-Einar/ponsse/blob/7589a5811a21ec6bb13979612060ceff0f690df8/MVP1/services/p1000-gateway/SDP/03--Requirements/requirements.md","design obligation mapped; no implementation verification"
"PGW-REQ-012","PGWRequirement012","proposed","P1000Gateway","https://github.com/Hans-Einar/ponsse/blob/7589a5811a21ec6bb13979612060ceff0f690df8/MVP1/services/p1000-gateway/SDP/03--Requirements/requirements.md","design obligation mapped; no implementation verification"
"PGW-REQ-013","PGWRequirement013","proposed","P1000Gateway","https://github.com/Hans-Einar/ponsse/blob/7589a5811a21ec6bb13979612060ceff0f690df8/MVP1/services/p1000-gateway/SDP/03--Requirements/requirements.md","design obligation mapped; no implementation verification"
"PGW-REQ-014","PGWRequirement014","proposed","P1000Gateway","https://github.com/Hans-Einar/ponsse/blob/7589a5811a21ec6bb13979612060ceff0f690df8/MVP1/services/p1000-gateway/SDP/03--Requirements/requirements.md","design obligation mapped; no implementation verification"
"PGW-REQ-015","PGWRequirement015","proposed","P1000Gateway","https://github.com/Hans-Einar/ponsse/blob/7589a5811a21ec6bb13979612060ceff0f690df8/MVP1/services/p1000-gateway/SDP/03--Requirements/requirements.md","design obligation mapped; no implementation verification"
"SIM-REQ-001","SIMRequirement001","inherited","P1000Simulator","https://github.com/Hans-Einar/ponsse/blob/7589a5811a21ec6bb13979612060ceff0f690df8/MVP1/services/p1000-simulator/SDP/03--Requirements/requirements.md","design obligation mapped; no implementation verification"
"SIM-REQ-002","SIMRequirement002","inherited","P1000Simulator","https://github.com/Hans-Einar/ponsse/blob/7589a5811a21ec6bb13979612060ceff0f690df8/MVP1/services/p1000-simulator/SDP/03--Requirements/requirements.md","design obligation mapped; no implementation verification"
"SIM-REQ-003","SIMRequirement003","inherited","P1000Simulator","https://github.com/Hans-Einar/ponsse/blob/7589a5811a21ec6bb13979612060ceff0f690df8/MVP1/services/p1000-simulator/SDP/03--Requirements/requirements.md","design obligation mapped; no implementation verification"
"SIM-REQ-004","SIMRequirement004","inherited","P1000Simulator","https://github.com/Hans-Einar/ponsse/blob/7589a5811a21ec6bb13979612060ceff0f690df8/MVP1/services/p1000-simulator/SDP/03--Requirements/requirements.md","design obligation mapped; no implementation verification"
"SIM-REQ-005","SIMRequirement005","inherited","P1000Simulator","https://github.com/Hans-Einar/ponsse/blob/7589a5811a21ec6bb13979612060ceff0f690df8/MVP1/services/p1000-simulator/SDP/03--Requirements/requirements.md","design obligation mapped; no implementation verification"
"SIM-REQ-006","SIMRequirement006","inherited","P1000Simulator","https://github.com/Hans-Einar/ponsse/blob/7589a5811a21ec6bb13979612060ceff0f690df8/MVP1/services/p1000-simulator/SDP/03--Requirements/requirements.md","design obligation mapped; no implementation verification"
"SIM-REQ-007","SIMRequirement007","inherited","P1000Simulator","https://github.com/Hans-Einar/ponsse/blob/7589a5811a21ec6bb13979612060ceff0f690df8/MVP1/services/p1000-simulator/SDP/03--Requirements/requirements.md","design obligation mapped; no implementation verification"
"SIM-REQ-008","SIMRequirement008","inherited","P1000Simulator","https://github.com/Hans-Einar/ponsse/blob/7589a5811a21ec6bb13979612060ceff0f690df8/MVP1/services/p1000-simulator/SDP/03--Requirements/requirements.md","design obligation mapped; no implementation verification"
"SIM-REQ-009","SIMRequirement009","inherited","P1000Simulator","https://github.com/Hans-Einar/ponsse/blob/7589a5811a21ec6bb13979612060ceff0f690df8/MVP1/services/p1000-simulator/SDP/03--Requirements/requirements.md","design obligation mapped; no implementation verification"
"SIM-REQ-010","SIMRequirement010","inherited","P1000Simulator","https://github.com/Hans-Einar/ponsse/blob/7589a5811a21ec6bb13979612060ceff0f690df8/MVP1/services/p1000-simulator/SDP/03--Requirements/requirements.md","design obligation mapped; no implementation verification"
"SIM-REQ-011","SIMRequirement011","inherited","P1000Simulator","https://github.com/Hans-Einar/ponsse/blob/7589a5811a21ec6bb13979612060ceff0f690df8/MVP1/services/p1000-simulator/SDP/03--Requirements/requirements.md","design obligation mapped; no implementation verification"
"SIM-REQ-012","SIMRequirement012","inherited","P1000Simulator","https://github.com/Hans-Einar/ponsse/blob/7589a5811a21ec6bb13979612060ceff0f690df8/MVP1/services/p1000-simulator/SDP/03--Requirements/requirements.md","design obligation mapped; no implementation verification"
"SIM-REQ-013","SIMRequirement013","inherited","P1000Simulator","https://github.com/Hans-Einar/ponsse/blob/7589a5811a21ec6bb13979612060ceff0f690df8/MVP1/services/p1000-simulator/SDP/03--Requirements/requirements.md","design obligation mapped; no implementation verification"
"SIM-REQ-014","SIMRequirement014","inherited","P1000Simulator","https://github.com/Hans-Einar/ponsse/blob/7589a5811a21ec6bb13979612060ceff0f690df8/MVP1/services/p1000-simulator/SDP/03--Requirements/requirements.md","design obligation mapped; no implementation verification"
"BOX-REQ-001","BOXRequirement001","inherited","BoxUI","https://github.com/Hans-Einar/ponsse/blob/7589a5811a21ec6bb13979612060ceff0f690df8/MVP1/shared/box-ui/SDP/03--Requirements/requirements.md","design obligation mapped; no implementation verification"
"BOX-REQ-002","BOXRequirement002","inherited","BoxUI","https://github.com/Hans-Einar/ponsse/blob/7589a5811a21ec6bb13979612060ceff0f690df8/MVP1/shared/box-ui/SDP/03--Requirements/requirements.md","design obligation mapped; no implementation verification"
"BOX-REQ-003","BOXRequirement003","inherited","BoxUI","https://github.com/Hans-Einar/ponsse/blob/7589a5811a21ec6bb13979612060ceff0f690df8/MVP1/shared/box-ui/SDP/03--Requirements/requirements.md","design obligation mapped; no implementation verification"
"BOX-REQ-004","BOXRequirement004","inherited","BoxUI","https://github.com/Hans-Einar/ponsse/blob/7589a5811a21ec6bb13979612060ceff0f690df8/MVP1/shared/box-ui/SDP/03--Requirements/requirements.md","design obligation mapped; no implementation verification"
"BOX-REQ-005","BOXRequirement005","inherited","BoxUI","https://github.com/Hans-Einar/ponsse/blob/7589a5811a21ec6bb13979612060ceff0f690df8/MVP1/shared/box-ui/SDP/03--Requirements/requirements.md","design obligation mapped; no implementation verification"
"BOX-REQ-006","BOXRequirement006","inherited","BoxUI","https://github.com/Hans-Einar/ponsse/blob/7589a5811a21ec6bb13979612060ceff0f690df8/MVP1/shared/box-ui/SDP/03--Requirements/requirements.md","design obligation mapped; no implementation verification"
"BOX-REQ-007","BOXRequirement007","inherited","BoxUI","https://github.com/Hans-Einar/ponsse/blob/7589a5811a21ec6bb13979612060ceff0f690df8/MVP1/shared/box-ui/SDP/03--Requirements/requirements.md","design obligation mapped; no implementation verification"
"BOX-REQ-008","BOXRequirement008","inherited","BoxUI","https://github.com/Hans-Einar/ponsse/blob/7589a5811a21ec6bb13979612060ceff0f690df8/MVP1/shared/box-ui/SDP/03--Requirements/requirements.md","design obligation mapped; no implementation verification"
"BOX-REQ-009","BOXRequirement009","superseded","BoxUI","https://github.com/Hans-Einar/ponsse/blob/7589a5811a21ec6bb13979612060ceff0f690df8/MVP1/shared/box-ui/SDP/03--Requirements/requirements.md","design obligation mapped; no implementation verification"
"BOX-REQ-010","BOXRequirement010","inherited","BoxUI","https://github.com/Hans-Einar/ponsse/blob/7589a5811a21ec6bb13979612060ceff0f690df8/MVP1/shared/box-ui/SDP/03--Requirements/requirements.md","design obligation mapped; no implementation verification"
"LBK-REQ-001","LBKRequirement001","inherited","LabKit","https://github.com/Hans-Einar/ponsse/blob/7589a5811a21ec6bb13979612060ceff0f690df8/MVP1/shared/labkit/SDP/03--Requirements/requirements.md","design obligation mapped; no implementation verification"
"LBK-REQ-002","LBKRequirement002","inherited","LabKit","https://github.com/Hans-Einar/ponsse/blob/7589a5811a21ec6bb13979612060ceff0f690df8/MVP1/shared/labkit/SDP/03--Requirements/requirements.md","design obligation mapped; no implementation verification"
"LBK-REQ-003","LBKRequirement003","inherited","LabKit","https://github.com/Hans-Einar/ponsse/blob/7589a5811a21ec6bb13979612060ceff0f690df8/MVP1/shared/labkit/SDP/03--Requirements/requirements.md","design obligation mapped; no implementation verification"
"LBK-REQ-004","LBKRequirement004","inherited","LabKit","https://github.com/Hans-Einar/ponsse/blob/7589a5811a21ec6bb13979612060ceff0f690df8/MVP1/shared/labkit/SDP/03--Requirements/requirements.md","design obligation mapped; no implementation verification"
"LBK-REQ-005","LBKRequirement005","inherited","LabKit","https://github.com/Hans-Einar/ponsse/blob/7589a5811a21ec6bb13979612060ceff0f690df8/MVP1/shared/labkit/SDP/03--Requirements/requirements.md","design obligation mapped; no implementation verification"
"LBK-REQ-006","LBKRequirement006","inherited","LabKit","https://github.com/Hans-Einar/ponsse/blob/7589a5811a21ec6bb13979612060ceff0f690df8/MVP1/shared/labkit/SDP/03--Requirements/requirements.md","design obligation mapped; no implementation verification"
"LBK-REQ-007","LBKRequirement007","inherited","LabKit","https://github.com/Hans-Einar/ponsse/blob/7589a5811a21ec6bb13979612060ceff0f690df8/MVP1/shared/labkit/SDP/03--Requirements/requirements.md","design obligation mapped; no implementation verification"
"LBK-REQ-008","LBKRequirement008","inherited","LabKit","https://github.com/Hans-Einar/ponsse/blob/7589a5811a21ec6bb13979612060ceff0f690df8/MVP1/shared/labkit/SDP/03--Requirements/requirements.md","design obligation mapped; no implementation verification"
"LBK-REQ-009","LBKRequirement009","inherited","LabKit","https://github.com/Hans-Einar/ponsse/blob/7589a5811a21ec6bb13979612060ceff0f690df8/MVP1/shared/labkit/SDP/03--Requirements/requirements.md","design obligation mapped; no implementation verification"
"LBK-REQ-010","LBKRequirement010","inherited","LabKit","https://github.com/Hans-Einar/ponsse/blob/7589a5811a21ec6bb13979612060ceff0f690df8/MVP1/shared/labkit/SDP/03--Requirements/requirements.md","design obligation mapped; no implementation verification"
"LBK-REQ-011","LBKRequirement011","inherited","LabKit","https://github.com/Hans-Einar/ponsse/blob/7589a5811a21ec6bb13979612060ceff0f690df8/MVP1/shared/labkit/SDP/03--Requirements/requirements.md","design obligation mapped; no implementation verification"
"LBK-REQ-012","LBKRequirement012","inherited","LabKit","https://github.com/Hans-Einar/ponsse/blob/7589a5811a21ec6bb13979612060ceff0f690df8/MVP1/shared/labkit/SDP/03--Requirements/requirements.md","design obligation mapped; no implementation verification"
"LBK-REQ-013","LBKRequirement013","inherited","LabKit","https://github.com/Hans-Einar/ponsse/blob/7589a5811a21ec6bb13979612060ceff0f690df8/MVP1/shared/labkit/SDP/03--Requirements/requirements.md","design obligation mapped; no implementation verification"
"SVK-REQ-001","SVKRequirement001","inherited","ServiceKit","https://github.com/Hans-Einar/ponsse/blob/7589a5811a21ec6bb13979612060ceff0f690df8/MVP1/shared/servicekit/SDP/03--Requirements/requirements.md","design obligation mapped; no implementation verification"
"SVK-REQ-002","SVKRequirement002","inherited","ServiceKit","https://github.com/Hans-Einar/ponsse/blob/7589a5811a21ec6bb13979612060ceff0f690df8/MVP1/shared/servicekit/SDP/03--Requirements/requirements.md","design obligation mapped; no implementation verification"
"SVK-REQ-003","SVKRequirement003","inherited","ServiceKit","https://github.com/Hans-Einar/ponsse/blob/7589a5811a21ec6bb13979612060ceff0f690df8/MVP1/shared/servicekit/SDP/03--Requirements/requirements.md","design obligation mapped; no implementation verification"
"SVK-REQ-004","SVKRequirement004","inherited","ServiceKit","https://github.com/Hans-Einar/ponsse/blob/7589a5811a21ec6bb13979612060ceff0f690df8/MVP1/shared/servicekit/SDP/03--Requirements/requirements.md","design obligation mapped; no implementation verification"
"SVK-REQ-005","SVKRequirement005","inherited","ServiceKit","https://github.com/Hans-Einar/ponsse/blob/7589a5811a21ec6bb13979612060ceff0f690df8/MVP1/shared/servicekit/SDP/03--Requirements/requirements.md","design obligation mapped; no implementation verification"
"SVK-REQ-006","SVKRequirement006","inherited","ServiceKit","https://github.com/Hans-Einar/ponsse/blob/7589a5811a21ec6bb13979612060ceff0f690df8/MVP1/shared/servicekit/SDP/03--Requirements/requirements.md","design obligation mapped; no implementation verification"
"SVK-REQ-007","SVKRequirement007","inherited","ServiceKit","https://github.com/Hans-Einar/ponsse/blob/7589a5811a21ec6bb13979612060ceff0f690df8/MVP1/shared/servicekit/SDP/03--Requirements/requirements.md","design obligation mapped; no implementation verification"
"SVK-REQ-008","SVKRequirement008","inherited","ServiceKit","https://github.com/Hans-Einar/ponsse/blob/7589a5811a21ec6bb13979612060ceff0f690df8/MVP1/shared/servicekit/SDP/03--Requirements/requirements.md","design obligation mapped; no implementation verification"
"SVK-REQ-009","SVKRequirement009","inherited","ServiceKit","https://github.com/Hans-Einar/ponsse/blob/7589a5811a21ec6bb13979612060ceff0f690df8/MVP1/shared/servicekit/SDP/03--Requirements/requirements.md","design obligation mapped; no implementation verification"
"SVK-REQ-010","SVKRequirement010","inherited","ServiceKit","https://github.com/Hans-Einar/ponsse/blob/7589a5811a21ec6bb13979612060ceff0f690df8/MVP1/shared/servicekit/SDP/03--Requirements/requirements.md","design obligation mapped; no implementation verification"
"SVK-REQ-011","SVKRequirement011","inherited","ServiceKit","https://github.com/Hans-Einar/ponsse/blob/7589a5811a21ec6bb13979612060ceff0f690df8/MVP1/shared/servicekit/SDP/03--Requirements/requirements.md","design obligation mapped; no implementation verification"
"SVK-REQ-012","SVKRequirement012","inherited","ServiceKit","https://github.com/Hans-Einar/ponsse/blob/7589a5811a21ec6bb13979612060ceff0f690df8/MVP1/shared/servicekit/SDP/03--Requirements/requirements.md","design obligation mapped; no implementation verification"
"SVK-REQ-013","SVKRequirement013","inherited","ServiceKit","https://github.com/Hans-Einar/ponsse/blob/7589a5811a21ec6bb13979612060ceff0f690df8/MVP1/shared/servicekit/SDP/03--Requirements/requirements.md","design obligation mapped; no implementation verification"
"SVK-REQ-014","SVKRequirement014","inherited","ServiceKit","https://github.com/Hans-Einar/ponsse/blob/7589a5811a21ec6bb13979612060ceff0f690df8/MVP1/shared/servicekit/SDP/03--Requirements/requirements.md","design obligation mapped; no implementation verification"
"SVK-REQ-015","SVKRequirement015","inherited","ServiceKit","https://github.com/Hans-Einar/ponsse/blob/7589a5811a21ec6bb13979612060ceff0f690df8/MVP1/shared/servicekit/SDP/03--Requirements/requirements.md","design obligation mapped; no implementation verification"
"UIR-REQ-001","UIRRequirement001","inherited","UIRuntime","https://github.com/Hans-Einar/ponsse/blob/7589a5811a21ec6bb13979612060ceff0f690df8/MVP1/shared/ui-runtime/SDP/03--Requirements/requirements.md","design obligation mapped; no implementation verification"
"UIR-REQ-002","UIRRequirement002","inherited","UIRuntime","https://github.com/Hans-Einar/ponsse/blob/7589a5811a21ec6bb13979612060ceff0f690df8/MVP1/shared/ui-runtime/SDP/03--Requirements/requirements.md","design obligation mapped; no implementation verification"
"UIR-REQ-003","UIRRequirement003","inherited","UIRuntime","https://github.com/Hans-Einar/ponsse/blob/7589a5811a21ec6bb13979612060ceff0f690df8/MVP1/shared/ui-runtime/SDP/03--Requirements/requirements.md","design obligation mapped; no implementation verification"
"UIR-REQ-004","UIRRequirement004","inherited","UIRuntime","https://github.com/Hans-Einar/ponsse/blob/7589a5811a21ec6bb13979612060ceff0f690df8/MVP1/shared/ui-runtime/SDP/03--Requirements/requirements.md","design obligation mapped; no implementation verification"
"UIR-REQ-005","UIRRequirement005","inherited","UIRuntime","https://github.com/Hans-Einar/ponsse/blob/7589a5811a21ec6bb13979612060ceff0f690df8/MVP1/shared/ui-runtime/SDP/03--Requirements/requirements.md","design obligation mapped; no implementation verification"
"UIR-REQ-006","UIRRequirement006","inherited","UIRuntime","https://github.com/Hans-Einar/ponsse/blob/7589a5811a21ec6bb13979612060ceff0f690df8/MVP1/shared/ui-runtime/SDP/03--Requirements/requirements.md","design obligation mapped; no implementation verification"
"UIR-REQ-007","UIRRequirement007","inherited","UIRuntime","https://github.com/Hans-Einar/ponsse/blob/7589a5811a21ec6bb13979612060ceff0f690df8/MVP1/shared/ui-runtime/SDP/03--Requirements/requirements.md","design obligation mapped; no implementation verification"
"UIR-REQ-008","UIRRequirement008","inherited","UIRuntime","https://github.com/Hans-Einar/ponsse/blob/7589a5811a21ec6bb13979612060ceff0f690df8/MVP1/shared/ui-runtime/SDP/03--Requirements/requirements.md","design obligation mapped; no implementation verification"
"UIR-REQ-009","UIRRequirement009","inherited","UIRuntime","https://github.com/Hans-Einar/ponsse/blob/7589a5811a21ec6bb13979612060ceff0f690df8/MVP1/shared/ui-runtime/SDP/03--Requirements/requirements.md","design obligation mapped; no implementation verification"
"UIR-REQ-010","UIRRequirement010","inherited","UIRuntime","https://github.com/Hans-Einar/ponsse/blob/7589a5811a21ec6bb13979612060ceff0f690df8/MVP1/shared/ui-runtime/SDP/03--Requirements/requirements.md","design obligation mapped; no implementation verification"
"UIR-REQ-011","UIRRequirement011","inherited","UIRuntime","https://github.com/Hans-Einar/ponsse/blob/7589a5811a21ec6bb13979612060ceff0f690df8/MVP1/shared/ui-runtime/SDP/03--Requirements/requirements.md","design obligation mapped; no implementation verification"
"UIR-REQ-012","UIRRequirement012","inherited","UIRuntime","https://github.com/Hans-Einar/ponsse/blob/7589a5811a21ec6bb13979612060ceff0f690df8/MVP1/shared/ui-runtime/SDP/03--Requirements/requirements.md","design obligation mapped; no implementation verification"
"BUI-REQ-001","BUIRequirement001","proposed","BuckingUI","https://github.com/Hans-Einar/ponsse/blob/7589a5811a21ec6bb13979612060ceff0f690df8/MVP1/web/bucking-ui/SDP/03--Requirements/requirements.md","design obligation mapped; no implementation verification"
"BUI-REQ-002","BUIRequirement002","proposed","BuckingUI","https://github.com/Hans-Einar/ponsse/blob/7589a5811a21ec6bb13979612060ceff0f690df8/MVP1/web/bucking-ui/SDP/03--Requirements/requirements.md","design obligation mapped; no implementation verification"
"BUI-REQ-003","BUIRequirement003","proposed","BuckingUI","https://github.com/Hans-Einar/ponsse/blob/7589a5811a21ec6bb13979612060ceff0f690df8/MVP1/web/bucking-ui/SDP/03--Requirements/requirements.md","design obligation mapped; no implementation verification"
"BUI-REQ-004","BUIRequirement004","proposed","BuckingUI","https://github.com/Hans-Einar/ponsse/blob/7589a5811a21ec6bb13979612060ceff0f690df8/MVP1/web/bucking-ui/SDP/03--Requirements/requirements.md","design obligation mapped; no implementation verification"
"BUI-REQ-005","BUIRequirement005","proposed","BuckingUI","https://github.com/Hans-Einar/ponsse/blob/7589a5811a21ec6bb13979612060ceff0f690df8/MVP1/web/bucking-ui/SDP/03--Requirements/requirements.md","design obligation mapped; no implementation verification"
"BUI-REQ-006","BUIRequirement006","proposed","BuckingUI","https://github.com/Hans-Einar/ponsse/blob/7589a5811a21ec6bb13979612060ceff0f690df8/MVP1/web/bucking-ui/SDP/03--Requirements/requirements.md","design obligation mapped; no implementation verification"
"BUI-REQ-007","BUIRequirement007","proposed","BuckingUI","https://github.com/Hans-Einar/ponsse/blob/7589a5811a21ec6bb13979612060ceff0f690df8/MVP1/web/bucking-ui/SDP/03--Requirements/requirements.md","design obligation mapped; no implementation verification"
"BUI-REQ-008","BUIRequirement008","proposed","BuckingUI","https://github.com/Hans-Einar/ponsse/blob/7589a5811a21ec6bb13979612060ceff0f690df8/MVP1/web/bucking-ui/SDP/03--Requirements/requirements.md","design obligation mapped; no implementation verification"
"BUI-REQ-009","BUIRequirement009","proposed","BuckingUI","https://github.com/Hans-Einar/ponsse/blob/7589a5811a21ec6bb13979612060ceff0f690df8/MVP1/web/bucking-ui/SDP/03--Requirements/requirements.md","design obligation mapped; no implementation verification"
"BUI-REQ-010","BUIRequirement010","proposed","BuckingUI","https://github.com/Hans-Einar/ponsse/blob/7589a5811a21ec6bb13979612060ceff0f690df8/MVP1/web/bucking-ui/SDP/03--Requirements/requirements.md","design obligation mapped; no implementation verification"
"BUI-REQ-011","BUIRequirement011","proposed","BuckingUI","https://github.com/Hans-Einar/ponsse/blob/7589a5811a21ec6bb13979612060ceff0f690df8/MVP1/web/bucking-ui/SDP/03--Requirements/requirements.md","design obligation mapped; no implementation verification"
"BUI-REQ-012","BUIRequirement012","proposed","BuckingUI","https://github.com/Hans-Einar/ponsse/blob/7589a5811a21ec6bb13979612060ceff0f690df8/MVP1/web/bucking-ui/SDP/03--Requirements/requirements.md","design obligation mapped; no implementation verification"
"BUI-REQ-013","BUIRequirement013","proposed","BuckingUI","https://github.com/Hans-Einar/ponsse/blob/7589a5811a21ec6bb13979612060ceff0f690df8/MVP1/web/bucking-ui/SDP/03--Requirements/requirements.md","design obligation mapped; no implementation verification"
"BUI-REQ-014","BUIRequirement014","proposed","BuckingUI","https://github.com/Hans-Einar/ponsse/blob/7589a5811a21ec6bb13979612060ceff0f690df8/MVP1/web/bucking-ui/SDP/03--Requirements/requirements.md","design obligation mapped; no implementation verification"
"SUI-REQ-001","SUIRequirement001","inherited","SimulatorUI","https://github.com/Hans-Einar/ponsse/blob/7589a5811a21ec6bb13979612060ceff0f690df8/MVP1/web/simulator-ui/SDP/03--Requirements/requirements.md","design obligation mapped; no implementation verification"
"SUI-REQ-002","SUIRequirement002","inherited","SimulatorUI","https://github.com/Hans-Einar/ponsse/blob/7589a5811a21ec6bb13979612060ceff0f690df8/MVP1/web/simulator-ui/SDP/03--Requirements/requirements.md","design obligation mapped; no implementation verification"
"SUI-REQ-003","SUIRequirement003","inherited","SimulatorUI","https://github.com/Hans-Einar/ponsse/blob/7589a5811a21ec6bb13979612060ceff0f690df8/MVP1/web/simulator-ui/SDP/03--Requirements/requirements.md","design obligation mapped; no implementation verification"
"SUI-REQ-004","SUIRequirement004","inherited","SimulatorUI","https://github.com/Hans-Einar/ponsse/blob/7589a5811a21ec6bb13979612060ceff0f690df8/MVP1/web/simulator-ui/SDP/03--Requirements/requirements.md","design obligation mapped; no implementation verification"
"SUI-REQ-005","SUIRequirement005","inherited","SimulatorUI","https://github.com/Hans-Einar/ponsse/blob/7589a5811a21ec6bb13979612060ceff0f690df8/MVP1/web/simulator-ui/SDP/03--Requirements/requirements.md","design obligation mapped; no implementation verification"
"SUI-REQ-006","SUIRequirement006","inherited","SimulatorUI","https://github.com/Hans-Einar/ponsse/blob/7589a5811a21ec6bb13979612060ceff0f690df8/MVP1/web/simulator-ui/SDP/03--Requirements/requirements.md","design obligation mapped; no implementation verification"
"SUI-REQ-007","SUIRequirement007","inherited","SimulatorUI","https://github.com/Hans-Einar/ponsse/blob/7589a5811a21ec6bb13979612060ceff0f690df8/MVP1/web/simulator-ui/SDP/03--Requirements/requirements.md","design obligation mapped; no implementation verification"
"SUI-REQ-008","SUIRequirement008","inherited","SimulatorUI","https://github.com/Hans-Einar/ponsse/blob/7589a5811a21ec6bb13979612060ceff0f690df8/MVP1/web/simulator-ui/SDP/03--Requirements/requirements.md","design obligation mapped; no implementation verification"
"SUI-REQ-009","SUIRequirement009","inherited","SimulatorUI","https://github.com/Hans-Einar/ponsse/blob/7589a5811a21ec6bb13979612060ceff0f690df8/MVP1/web/simulator-ui/SDP/03--Requirements/requirements.md","design obligation mapped; no implementation verification"
"SUI-REQ-010","SUIRequirement010","inherited","SimulatorUI","https://github.com/Hans-Einar/ponsse/blob/7589a5811a21ec6bb13979612060ceff0f690df8/MVP1/web/simulator-ui/SDP/03--Requirements/requirements.md","design obligation mapped; no implementation verification"
"SUI-REQ-011","SUIRequirement011","inherited","SimulatorUI","https://github.com/Hans-Einar/ponsse/blob/7589a5811a21ec6bb13979612060ceff0f690df8/MVP1/web/simulator-ui/SDP/03--Requirements/requirements.md","design obligation mapped; no implementation verification"
"SUI-REQ-012","SUIRequirement012","inherited","SimulatorUI","https://github.com/Hans-Einar/ponsse/blob/7589a5811a21ec6bb13979612060ceff0f690df8/MVP1/web/simulator-ui/SDP/03--Requirements/requirements.md","design obligation mapped; no implementation verification"
